policy,foot,body_xy_drift_m,sole_tilt_rad,sole_corner_min_z_m,sole_corner_max_z_m,contact_count,contact_distance_min_m,body_linear_speed_m_s,time_s,normal_force_N,contact_tangent_speed_post_step_m_s,logged_contact_post_step
original,left_foot,0.00015049554760245828,0.0021021980700448475,0.004619023281427308,0.004767729149616314,4,-0.0003704872088871802,6.199807587506816e-05,2.9039999999999018,162.52740323348232,0.00012818036351724043,True
original,right_foot,0.00030085154214417524,0.0018520018560811737,0.004590236444870662,0.00473901522481605,4,-0.00040057301865544914,6.414509211866986e-05,2.9039999999999018,181.9323803381298,9.818659560271595e-05,True
original,left_foot,0.00015071875167402485,0.0021023756791143052,0.004618979181081614,0.004767784695915683,4,-0.0003705305910984063,6.166615668327637e-05,2.9079999999999013,162.5242463310385,0.00012782849211123343,True
original,right_foot,0.0003010878120457166,0.0018520340282823494,0.004590193925774762,0.004739053524634211,4,-0.00040061567476305706,6.419496890039798e-05,2.9079999999999013,181.93540860786305,9.813599724140472e-05,True
original,left_foot,0.00015094101710217092,0.002102556528742553,0.004618934975649965,0.004767840507391551,4,-0.0003705740631723643,6.133616235741654e-05,2.911999999999901,162.52105423338844,0.00012747872902671477,True
original,right_foot,0.00030132392015444443,0.00185206894113128,0.004590151159901832,0.00473909198252118,4,-0.0004006585654184455,6.42462246098959e-05,2.911999999999901,181.93847319453903,9.80865290658818e-05,True
original,left_foot,0.0001511623432553285,0.002102740690315053,0.004618890662953602,0.004767896584181468,4,-0.0003706176269295909,6.1008075813090434e-05,2.9159999999999004,162.5178277751387,0.00012713106066350314,True
original,right_foot,0.000301559873326333,0.0018521066715680781,0.004590108148150567,0.004739130600637038,4,-0.0004007016893273095,6.429880867898932e-05,2.9159999999999004,181.94157324956547,9.80381740950062e-05,True
original,left_foot,0.00015138272962051777,0.0021029282333033927,0.004618846240915561,0.0047679529263027695,4,-0.00037066128409813087,6.0681880601208696e-05,2.9199999999999,162.51456777649545,0.00012678547371297081,True
original,right_foot,0.000301795678295624,0.0018521472945220497,0.004590064891520706,0.004739169381012084,4,-0.0004007450451038617,6.435267205937669e-05,2.9199999999999,181.94470793913624,9.799091544341522e-05,True
original,left_foot,0.00015160217580026717,0.0021031192253369675,0.004618801707560273,0.004768009533659055,4,-0.0003707050363135648,6.03575608705333e-05,2.9239999999998996,162.5112750431422,0.0001264419551398138,True
original,right_foot,0.0003020313416779728,0.0018521908829894516,0.004590021391104777,0.00473920832555072,4,-0.00040078863127869773,6.440776717999527e-05,2.9239999999998996,181.9478764443629,9.794473635333869e-05,True
original,left_foot,0.00015182068151034435,0.0021033137322701823,0.004618757061012883,0.004768066406046389,4,-0.00037074888511937337,6.003510133405666e-05,2.927999999999899,162.50795036615466,0.00012610049216471412,True
original,right_foot,0.0003022668699736201,0.0018522375081058214,0.004589977648080539,0.004739247436035352,4,-0.00040083244630603667,6.446404790164772e-05,2.927999999999899,181.95107796137108,9.789962022147762e-05,True
original,left_foot,0.0001520382465767052,0.002103511818245105,0.004618712299501813,0.004768123543162493,4,-0.0003707928319640402,5.9714487236309524e-05,2.9319999999998987,162.50459452138298,0.00012576107224717702,True
original,right_foot,0.00030250226957008523,0.0018522872392128177,0.004589933663702573,0.004739286714128647,4,-0.00040087648857180507,6.452146946922905e-05,2.9319999999998987,181.95431170180404,9.785555062316819e-05,True
original,left_foot,0.00015225487093289424,0.0021037135457500538,0.004618667421352411,0.004768180944606969,4,-0.0003708368782071236,5.939570432579725e-05,2.9359999999998982,162.50120827043145,0.00012542368307321745,True
original,right_foot,0.0003027375467454267,0.0018523401439202477,0.004589889439296883,0.004739326161378343,4,-0.00040092075639873003,6.457998846344663e-05,2.9359999999998982,181.95757689204777,9.781251132943836e-05,True
original,left_foot,0.00015247055461731294,0.002103918975673589,0.004618622424992554,0.004768238609893231,4,-0.00037088102511338965,5.907873882754918e-05,2.939999999999898,162.49779235976217,0.00012508831254291584,True
original,right_foot,0.00030297270767038734,0.0018523962881628892,0.004589844976254771,0.004739365779220458,4,-0.0004009652480522234,6.46395627504282e-05,2.939999999999898,181.9608727737778,9.777048632249782e-05,True
original,left_foot,0.00015268529777079807,0.002104128167354822,0.004618577308946475,0.004768296538448583,4,-0.00037092527385871373,5.876357742081732e-05,2.9439999999998974,162.49434752172493,0.00012475494875933737,True
original,right_foot,0.0003032077584113315,0.0018524557362528816,0.004589800276028327,0.004739405568983595,4,-0.00040100996174463523,6.470015143447081e-05,2.9439999999998974,181.96419860317567,9.772945980645077e-05,True
original,left_foot,0.00015289910063400586,0.002104341178629532,0.004618532071834158,0.004768354729619673,4,-0.00037096962553049336,5.8450207215977976e-05,2.947999999999897,162.4908744743445,0.00012442358001955325,True
original,right_foot,0.0003034427049328373,0.0018525185509277841,0.0045897553401223895,0.004739445531889274,4,-0.0004010548956430533,6.476171480703289e-05,2.947999999999897,181.96755365121544,9.768941621575482e-05,True
original,left_foot,0.00015311196354502303,0.0021045580658725816,0.004618486712372711,0.004768413182679714,4,-0.0003710140811260419,5.8138615734902475e-05,2.9519999999998965,162.48737392155252,0.0001240941948054666,True
original,right_foot,0.0003036775530999089,0.0018525847933942284,0.004589710170094092,0.00473948566905906,4,-0.0004011000478695804,6.482421429663944e-05,2.9519999999998965,181.97093720303735,9.76503402208987e-05,True
original,left_foot,0.00015332388693668522,0.0021047788840369585,0.004618441229370978,0.004768471896828812,4,-0.0003710586415577718,5.7828790894013044e-05,2.955999999999896,162.4838465539068,0.00012376678177659572,True
original,right_foot,0.0003039123086801271,0.0018526545233681173,0.004589664767547037,0.004739525981516016,4,-0.0004011454165069655,6.488761242403145e-05,2.955999999999896,181.9743485575624,9.76122167312349e-05,True
original,left_foot,0.00015353487133472332,0.00210500368668926,0.004618395621729214,0.004768530871199123,4,-0.00037110330765338217,5.752072098658007e-05,2.9599999999998956,162.48029304852477,0.00012344132976315077,True
original,right_foot,0.00030414697734584936,0.0018527277991108666,0.004589619134125936,0.004739566470186023,4,-0.00040119099960377654,6.495187275384655e-05,2.9599999999998956,181.97778702754334,9.757503089604779e-05,True
original,left_foot,0.0001537449173552671,0.0021052325260421546,0.0046183498884367485,0.004768590104857938,4,-0.0003711480801580165,5.721439466771233e-05,2.963999999999895,162.4767140699401,0.00012311782776013567,True
original,right_foot,0.0003043815646765693,0.0018528046774624947,0.004589573271517891,0.004739607135905384,4,-0.0004012367951730022,6.501695984679951e-05,2.963999999999895,181.98125193841872,9.753876810338423e-05,True
original,left_foot,0.00015395402570258336,0.0021054654529837034,0.0046183040285694525,0.00476864959681024,4,-0.0003711929597366324,5.690980094129757e-05,2.9679999999998947,162.4731102701442,0.00012279626492221648,True
original,right_foot,0.00030461607616019156,0.001852885213871581,0.004589527181444696,0.004739647979418851,4,-0.0004012828011995739,6.508283921824427e-05,2.9679999999998947,181.9847426286192,9.750341397761477e-05,True
original,left_foot,0.00015416219716723402,0.002105702517104164,0.004618258041289888,0.0047687093460038465,4,-0.0003712379469737693,5.660692914724525e-05,2.9719999999998943,162.46948228895891,0.00012247663055774236,True
original,right_foot,0.00030485051719533556,0.0018529694624223347,0.004589480865663419,0.004739689001385782,4,-0.0004013290156396924,6.514947729427868e-05,2.9719999999998943,181.98825844886557,9.746895437582796e-05,True
original,left_foot,0.0001543694326239104,0.0021059437667202306,0.0046182119258423755,0.004768769351329333,4,-0.0003712830423783257,5.630576894917799e-05,2.975999999999894,162.46583075488195,0.0001221589141257626,True
original,right_foot,0.0003050848930924703,0.0018530574758592036,0.004589434325964297,0.004739730202382993,4,-0.0004013754364228196,6.521684137157124e-05,2.975999999999894,181.99179876145024,9.743537538235453e-05,True
original,left_foot,0.00015457573302950862,0.0021061892488968416,0.004618165681552461,0.004768829611624101,4,-0.0003713282463839963,5.6006310325065414e-05,2.9799999999998934,162.46215628496202,0.00012184310523059262,True
original,right_foot,0.0003053192090761372,0.001853149305609079,0.004589387564165531,0.0047397715829044194,4,-0.0004014220614567505,6.528489957795678e-05,2.9799999999998934,181.9953629404531,9.740266330307603e-05,True
original,left_foot,0.00015478109942142104,0.0021064390094668664,0.004618119307822258,0.004768890125672231,4,-0.0003713735593538379,5.570854355684544e-05,2.983999999999893,162.45845948596912,0.00012152919361808486,True
original,right_foot,0.00030555347028578847,0.0018532450018012507,0.004589340582115478,0.004739813143367605,4,-0.0004014688886253689,6.535362083448282e-05,2.983999999999893,181.9989503704494,9.737080465894325e-05,True
original,left_foot,0.00015498553291554278,0.002106693093048968,0.004618072804131679,0.004768950892209984,4,-0.00037141898157897184,5.541245922064232e-05,2.9879999999998925,162.45474095404822,0.000121217169172692,True
original,right_foot,0.00030578768177763247,0.0018533446132856213,0.004589293381688408,0.004739854884113669,4,-0.00040151591579279996,6.542297482092312e-05,2.9879999999998925,182.0025604468138,9.733978617811517e-05,True
original,left_foot,0.00015518903470460778,0.0021069515430635374,0.004618026170033374,0.004769011909924896,4,-0.00037146451328352783,5.5118048179412455e-05,2.991999999999892,162.45100127552496,0.0001209070219130196,True
original,right_foot,0.00030602184852557724,0.0018534481876490868,0.004589245964782832,0.004739896805409458,4,-0.0004015631408049959,6.54929319418091e-05,2.991999999999892,182.00619257508052,9.730959478894131e-05,True
original,left_foot,0.00015539160605676595,0.002107214401747306,0.004617979405151591,0.004769073177458682,4,-0.0003715101546257543,5.482530157366462e-05,2.9959999999998916,162.44724102751127,0.00012059874198948445,True
original,right_foot,0.0003062559754224673,0.001853555771230438,0.004589198333324041,0.004739938907453695,4,-0.00040161056148715815,6.556346329445209e-05,2.9959999999998916,182.00984617003274,9.72802176106425e-05,True
original,left_foot,0.0001555932483136367,0.0021074817101661755,0.004617932509180925,0.004769134693409744,4,-0.00037155590569919097,5.4534210815336396e-05,2.999999999999891,161.5859268920648,7.369277986378906e-05,True
original,right_foot,0.000306490067281472,0.0018536674091339698,0.004589150489256986,0.004739981190373298,4,-0.00040165817565075614,6.563454063912981e-05,2.999999999999891,180.4871960920373,0.00012231120947427994,True
original,left_foot,0.0001556596340461449,0.0021080026862442766,0.00461791895390638,0.004769257280858363,4,-0.0003715670717961165,2.2224879360805143e-05,3.0039999999998908,161.5744564675697,0.00013012529087783552,True
original,right_foot,0.00030674634850154386,0.0018540803746316472,0.004589172588441964,0.004740119832670978,4,-0.00040163436076995265,0.0001093658257229976,3.0039999999998908,180.40926927244476,0.00020665254256233107,True
original,left_foot,0.00015548530214083413,0.0021153292846191143,0.004618251733225127,0.004769271789735564,4,-0.00037119598869371755,0.0001530779686758238,3.0079999999998903,160.14596071054456,0.00023365967173258687,True
original,right_foot,0.00030736963990961324,0.0018607334542278923,0.0045893847677590804,0.004740054450001023,4,-0.0004013859477541978,0.0001992940680777905,3.0079999999998903,182.0373057887512,0.000322762875345561,True
original,left_foot,0.00015508479602421388,0.002132804140484984,0.004619270874363056,0.004768961823310058,4,-0.0003700846862734501,0.0003883300183268133,3.01199999999989,158.601411867472,0.0003859971492305109,True
original,right_foot,0.0003085718691144456,0.0018766497962545226,0.0045899353367273195,0.004739437452067882,4,-0.0004007471365852144,0.00035778302897622157,3.01199999999989,183.63217637428397,0.00045475235421234245,True
original,left_foot,0.00015453092056622183,0.002161019440108862,0.004621201232248101,0.0047681800553711,4,-0.0003680058951105311,0.0006612941369602053,3.0159999999998894,157.056063969834,0.0005438290353044122,True
original,right_foot,0.0003104133864013497,0.0019023282346214872,0.004590950855864178,0.004738050612558938,4,-0.0003995889149709586,0.000554765236640824,3.0159999999998894,185.1317506194277,0.0005903137922250269,True
original,left_foot,0.0001539133349140853,0.0021998961130165412,0.004624161627018834,0.00476685942241422,4,-0.0003650796072508745,0.0009527703956023669,3.019999999999889,155.55950707665252,0.0007235878293091931,True
original,right_foot,0.00031289710028696756,0.0019376767957331336,0.0045925089104818274,0.004735797123432375,4,-0.00039783636394584,0.0007694475357956944,3.019999999999889,186.52285689926717,0.0007291231862189604,True
original,left_foot,0.00015332477760768575,0.002249444483957641,0.004628243712360446,0.00476499811821467,4,-0.0003699669594894343,0.0012599270349093362,3.0239999999998886,153.32580690542363,0.0009050977959372854,True
original,right_foot,0.0003160220162455347,0.0019826148547503327,0.004594605883326129,0.004732638725739317,4,-0.0003954972651668059,0.000989681352118658,3.0239999999998886,188.62551332823898,0.0008857730940577543,True
original,left_foot,0.00015286931233487804,0.0023099631283964367,0.004624072829609558,0.004772028133043053,4,-0.00037592717039044554,0.0015728932744044348,3.027999999999888,151.2326763476044,0.00108470289957692,True
original,right_foot,0.00031977182097996776,0.0020369497193128837,0.004597229619617678,0.004728593488860931,4,-0.00039358036181180635,0.0012080223227001247,3.027999999999888,190.56723674530872,0.0010440424243674858,True
original,left_foot,0.0001526487646418394,0.0023824009517461513,0.004617113120543661,0.004782509953912606,4,-0.00038288687945633917,0.001887472602804513,3.0319999999998877,149.2745476107189,0.001259297511425962,True
original,right_foot,0.000324166541454748,0.0021016748461610544,0.004597672459002597,0.004726430974152443,4,-0.0004023275409974032,0.0014327616538140336,3.0319999999998877,192.3712496208285,0.0011976269398023154,True
original,left_foot,0.00015280507984190468,0.002466548294037725,0.004609263180875699,0.0047945416114851605,4,-0.0003907368191243014,0.002187904441706237,3.0359999999998872,147.43086337765777,0.0014274010816836533,True
original,right_foot,0.0003291870361295557,0.0021767591280904175,0.004587792183101111,0.004734387542368674,4,-0.00041220781689889265,0.0016500515127906396,3.0359999999998872,194.0576019887905,0.0013450648926522724,True
original,left_foot,0.0001534962969474794,0.0025615900555231714,0.004600646137892225,0.0048079792299426174,4,-0.0003993538621077713,0.0024701199685683824,3.039999999999887,145.73769290272253,0.0016387458107461745,True
original,right_foot,0.0003347852566044118,0.002261313253289503,0.004576971135314561,0.004743195563890416,4,-0.00042302886468543934,0.0018547850912901346,3.039999999999887,195.59674265095822,0.0014884791377694155,True
original,left_foot,0.0001548111496698749,0.0026675444818912634,0.0045913569650959,0.0048227635241396005,4,-0.0004086430349040998,0.002774215418525106,3.0439999999998864,144.24827358676123,0.0019112729801444397,True
original,right_foot,0.0003409136291613069,0.0023542255859831745,0.004565407948988236,0.0047527817688762936,4,-0.0004345920510117644,0.0020481245738580988,3.0439999999998864,196.99883259097356,0.0016313891365539433,True
original,left_foot,0.00015684026113154325,0.0027845411256559333,0.004581486091901923,0.0048388966950796,4,-0.0004185139080980808,0.0031164543946621097,3.047999999999886,142.942224475525,0.0022409668625984563,True
original,right_foot,0.00034754265021188894,0.00245455169322254,0.004553288595310519,0.00476308975032284,4,-0.0004467114046894814,0.0022344234335670192,3.047999999999886,198.2550297393934,0.001772427741776956,True
original,left_foot,0.00015977946045004658,0.0029151929212724867,0.004571060116641906,0.004856631916110538,4,-0.0004289398833580973,0.003546578507458924,3.0519999999998855,141.88192038354947,0.0025851761396841234,True
original,right_foot,0.000354650101892604,0.0025613177545365014,0.004540797648243451,0.004774060917154634,4,-0.00045920235175654894,0.0024096561772981267,3.0519999999998855,199.36583799909408,0.0019088964158460386,True
original,left_foot,0.00016383967411927192,0.0030595626828465775,0.004560185998624632,0.004876100138217449,4,-0.0004398140013753679,0.003990464855368745,3.055999999999885,140.8876260639335,0.0028861966895257236,True
original,right_foot,0.0003622370853877465,0.0026740642950876187,0.004528111463575537,0.004785639493782044,4,-0.0004718885364244632,0.002576548054266825,3.055999999999885,200.32518038345074,0.0020388500754343133,True
original,left_foot,0.0001692322958906366,0.0032177686247344944,0.00454897739408466,0.004897378322863032,4,-0.0004510226059153402,0.004426124115110745,3.0599999999998846,140.040578350006,0.0031775176941896987,True
original,right_foot,0.00037027806639024826,0.0027917470586872805,0.004515391106855261,0.004797772393229618,4,-0.0004846088931447388,0.002732075675733584,3.0599999999998846,201.15037300289572,0.0021621288778447476,True
original,left_foot,0.00017615386972581575,0.00339020156361158,0.004537528835527636,0.004920665772257481,4,-0.00046247116447236444,0.00488941746922016,3.063999999999884,139.49232915151737,0.004048734176024804,True
original,right_foot,0.00037874130756087427,0.0029132664409125698,0.00450277118180346,0.004810419022052391,4,-0.0004972288181965432,0.0028800129779012747,3.063999999999884,201.8557903975992,0.0022791315509728197,True
original,left_foot,0.00018503491092588552,0.003575226890155734,0.004526016883079888,0.0049467728030527895,4,-0.00047398311692011235,0.005767188777417145,3.0679999999998837,139.79767864773785,0.005196379231900451,True
original,right_foot,0.00038759987236065336,0.0030376540173298722,0.0044903579628816255,0.004823548521639801,4,-0.0005096420371183746,0.0030224204923712636,3.0679999999998837,202.4979058752267,0.0024596854479066893,True
original,left_foot,0.00019685942423441043,0.00377339301611673,0.004514591670768585,0.004976542361655796,4,-0.00048540832923141524,0.006912542699450534,3.0719999999998833,140.35343291230788,0.006607797568215012,True
original,right_foot,0.0003969915712612279,0.0031650862038626296,0.00447820763207429,0.004837265275748261,4,-0.00052179236792571,0.0032112157229582804,3.0719999999998833,202.55879774857505,0.002727582222022896,True
original,left_foot,0.0002124025795198995,0.00398611179935431,0.004503410710743245,0.005011008682904432,4,-0.0004965892892567552,0.008333739519882678,3.075999999999883,141.96494650537394,0.0076392161312184995,True
original,right_foot,0.0004071793312786951,0.0032964680401970925,0.004466337992773843,0.004851764514350307,4,-0.000533662007226157,0.003469256370507052,3.075999999999883,202.38618861128757,0.003095435400343733,True
original,left_foot,0.00023177351864539308,0.004216317133815206,0.004492557882062133,0.005050083597073811,3,-0.0005074421179378638,0.009498979085718527,3.0799999999998824,142.78936131574886,0.008112384372824976,True
original,right_foot,0.000418563788266606,0.0034362027438195916,0.004454662650482312,0.004867558702590129,4,-0.0005453373495176881,0.0038793525617056603,3.0799999999998824,201.1923311712284,0.0035072719227266925,True
original,left_foot,0.00025430379849858214,0.004464018951269525,0.004482087434660751,0.005092252797022339,3,-0.0005179125653392491,0.010158707329424161,3.083999999999882,143.482448228848,0.007835954520082811,True
original,right_foot,0.0004315575631223196,0.0035909973726730837,0.004443020014330484,0.004885376821448743,4,-0.000556979985669513,0.0044334487355202215,3.083999999999882,199.39404875076957,0.003889336902528977,True
original,left_foot,0.00027889677734362853,0.0047282875439247874,0.004472044090442419,0.005136795486603441,3,-0.0005279559095575813,0.010408914666024258,3.0879999999998815,145.17530087298508,0.007482715579209732,True
original,right_foot,0.00044633339429638426,0.0037647626386701286,0.00443131046671787,0.004905749229806695,4,-0.0005686895332821301,0.00504257197947532,3.0879999999998815,197.7304559906073,0.004076205495008318,True
original,left_foot,0.0003046987375517396,0.005009061783227542,0.004462433929729781,0.005183681106641129,3,-0.0005375660702702191,0.010617087829388663,3.091999999999881,146.8452390533697,0.007054136815219438,True
original,right_foot,0.00046265086144951285,0.003962657405450361,0.004419415681751707,0.0049293874698178135,4,-0.000580584318248297,0.005676129651951967,3.091999999999881,196.36345135740223,0.004933515405595359,True
original,left_foot,0.00033110034422997886,0.005305422498551605,0.004453236503501663,0.005232684266761507,3,-0.0005467634964983368,0.010752415500091173,3.0959999999998806,148.4582936899056,0.002638143861317314,True
original,right_foot,0.0004818735363629983,0.004185658933835583,0.0044074501153258255,0.004958012501272247,4,-0.0005925498846741711,0.006949135785823155,3.0959999999998806,196.04502810984667,0.006278499823798441,True
original,left_foot,0.00035806409086079974,0.005612994069006382,0.004444532229306318,0.005283482368725775,2,-0.0005554677706936821,0.010995592367501753,3.09999999999988,149.9672133524563,0.0026170373051786124,True
original,right_foot,0.0005055902377199693,0.004435664250080963,0.004395563909209602,0.004993207753601764,4,-0.0006044360907903985,0.008688581471812085,3.09999999999988,195.8937681354538,0.008077577258126911,True
original,left_foot,0.0003858717066296933,0.005927601674221875,0.0044363500759075775,0.005335480423703298,2,-0.0005636499240924226,0.01130251441136336,3.1039999999998797,151.44554261352096,0.0026954662002552083,True
original,right_foot,0.0005354179355307654,0.00471890533356173,0.004384007852848423,0.005038750909766399,3,-0.0006159921471515775,0.011226877011099947,3.1039999999998797,198.14908134552837,0.008517780792060553,True
original,left_foot,0.0004153083274438664,0.006239511219865635,0.004428978308615484,0.005387874333844574,2,-0.0005710216913845162,0.011823847697907909,3.1079999999998793,151.82013664996109,0.0026322544446160715,True
original,right_foot,0.0005685602956968963,0.005042149283988015,0.004373257459934398,0.0050978757748433995,3,-0.0006267425400656021,0.013598628955030062,3.1079999999998793,199.52474230967556,0.009751036210923936,True
original,left_foot,0.0004454552939903378,0.006546455685545049,0.004422575165502474,0.005440841615689487,2,-0.0005774248344975258,0.012005291230089499,3.111999999999879,151.8001893762446,0.0027019212675957883,True
original,right_foot,0.0006057328185217535,0.005410164088187225,0.0043636801281728005,0.005170717113314727,3,-0.0006363198718272031,0.016184546189949175,3.111999999999879,199.39963140658182,0.01016382530791613,True
original,left_foot,0.00047743409688860933,0.006854354417288613,0.004417150884461117,0.005495882131308638,2,-0.0005828491155388865,0.012844118226446924,3.1159999999998784,151.80560704245138,0.002673857260344454,True
original,right_foot,0.0006456022525318166,0.005823863261134321,0.004355435004944383,0.005255606743362888,2,-0.0006445649950556171,0.018255533904050558,3.1159999999998784,199.22104548181534,0.004845066087251948,True
original,left_foot,0.0005108888759192294,0.007167650939332915,0.004412705084920858,0.005554187241050723,2,-0.0005872949150791422,0.013517244350436964,3.119999999999878,151.85154584774557,0.002723078664167305,True
original,right_foot,0.0006888803496293744,0.00628430464213434,0.004348552046396281,0.005351244393985304,2,-0.0006514479536037189,0.02034691984861669,3.119999999999878,198.979642134579,0.004867094620730795,True
original,left_foot,0.0005464490057764516,0.007490922891687338,0.0044091624458164475,0.005616567708501937,2,-0.0005908375541835527,0.014546689624874452,3.1239999999998775,151.94678107069268,0.002722357837655162,True
original,right_foot,0.0007347319353575852,0.006791837495757242,0.004343024765426626,0.00545675134508038,2,-0.0006569752345733744,0.022163583425978874,3.1239999999998775,198.67134525033103,0.004919574571522388,True
original,left_foot,0.0005838808235235614,0.007827585894346767,0.004406454281415392,0.005683567676274568,2,-0.000593545718584605,0.015478774314721895,3.127999999999877,152.08070123652428,0.0027494302558479246,True
original,right_foot,0.0007833946872130285,0.007348240513908949,0.0043387543430744545,0.005571592038689455,2,-0.0006612456569255456,0.02398942548545375,3.127999999999877,198.31228534107225,0.004936581361690003,True
original,left_foot,0.000623392955192764,0.008181694118031952,0.0044044704051673,0.005755597416912738,2,-0.0005955295948327005,0.016555949972708414,3.1319999999998767,152.24204388323875,0.0027653351033467377,True
original,right_foot,0.0008345653757135859,0.007954504135055216,0.004335644208313623,0.005695389586355057,2,-0.0006643557916863772,0.025706208293464566,3.1319999999998767,197.91440802254874,0.004957265372188087,True
original,left_foot,0.0006649434511005094,0.008556391411824002,0.004403127658359148,0.005832932556939143,2,-0.0005968723416408485,0.01762928861679853,3.135999999999876,152.4254925166427,0.002786491518041155,True
original,right_foot,0.0008882275138891983,0.008612192103391593,0.004333560594751946,0.005827923439554489,2,-0.0006664394052480578,0.02740481876874219,3.135999999999876,197.48457855092354,0.004970040526711344,True
original,left_foot,0.0007085785257346172,0.008955124953336618,0.004402331226131689,0.005915800862281766,2,-0.0005976687738683114,0.018750298671763456,3.139999999999876,152.6286883218924,0.0028066015659694702,True
original,right_foot,0.0009442961446696969,0.009322247333296545,0.004332386593834572,0.00596902868755559,2,-0.0006676134061654277,0.029065533675797412,3.139999999999876,197.0260017925512,0.004980204451860494,True
original,left_foot,0.000754284931296044,0.009380749147362753,0.004402008563472306,0.0060043574137233595,2,-0.0005979914365276976,0.019885547490643418,3.1439999999998753,152.84943296630013,0.002826226194463935,True
original,right_foot,0.0010027205968808626,0.010085673233914941,0.004332000976428531,0.006118609203454504,2,-0.0006679990235714693,0.030706861317569317,3.1439999999998753,196.5419099013711,0.004987638240115808,True
original,left_foot,0.000802054164361119,0.00983619860991874,0.004402086214981709,0.006098741423116019,2,-0.0005979137850182911,0.02104171985171235,3.147999999999875,153.0646071604264,0.0028459368318615574,True
original,right_foot,0.0010634656936853418,0.01090306144947855,0.004332294767520513,0.006276575504364747,2,-0.0006677052324794803,0.03232430924801372,3.147999999999875,196.05185137182877,0.00500915233057524,True
original,left_foot,0.00085171785858107,0.010321195433974835,0.00440247609482617,0.006198438759416152,2,-0.00059752390517383,0.02197363905099826,3.1519999999998745,153.61380441553834,0.0029023690909939096,True
original,right_foot,0.0011264252568909108,0.011769838762960292,0.004333128380609293,0.006441878083728311,2,-0.0006668716193907074,0.03359595804088948,3.1519999999998745,195.9367466373259,0.005009893950740669,True
original,left_foot,0.0009025316714475078,0.010827748287767197,0.004402993127149146,0.006301429931348176,2,-0.0005970068728508538,0.022592342561548434,3.155999999999874,154.307214697666,0.0029696884448424067,True
original,right_foot,0.001190589226754507,0.012672149248453304,0.004334298660494854,0.006611799377025225,2,-0.0006657013395051465,0.03446397218615882,3.155999999999874,195.52204114850693,0.00499701693023298,True
original,left_foot,0.0009535415941835212,0.011360041828727381,0.0044034988384192356,0.006408275100047562,2,-0.0005965011615807645,0.02310496829281923,3.1599999999998736,155.23472432670212,0.0030460368693835476,True
original,right_foot,0.0012548399016965716,0.013610801191973788,0.004335695253846514,0.006786523984919038,2,-0.0006643047461534794,0.03526380166500986,3.1599999999998736,195.15410412613525,0.005001807257867333,True
original,left_foot,0.0010042053723908226,0.01192193657669204,0.004403926981813681,0.006519526714072323,2,-0.0005960730181863187,0.023671586278551655,3.163999999999873,156.21258732576158,0.0031093794074108457,True
original,right_foot,0.0013186217965211802,0.014587228804018944,0.0043372740696814155,0.006966386286105054,2,-0.0006627259303185916,0.036092779029178235,3.163999999999873,194.6503738930472,0.004995459669098083,True
original,left_foot,0.0010541625164928246,0.01251646961193675,0.004404266322051979,0.006635631960681201,2,-0.0005957336779480208,0.024295268735131232,3.1679999999998727,157.27002535214245,0.003151269195968111,True
original,right_foot,0.0013816569078404404,0.015602261510256126,0.0043390401218978275,0.00715162722107247,2,-0.0006609598781021726,0.03695356579718224,3.1679999999998727,194.0133217585851,0.004964756024073915,True
original,left_foot,0.0011031309219421035,0.01314619722545623,0.0044045297860054455,0.006756949555585319,2,-0.0005954702139945546,0.02498834623695383,3.1719999999998723,158.36703580805238,0.0031643346933406757,True
original,right_foot,0.001443754585883384,0.016656440919397265,0.00434102027224622,0.0073424284552100205,2,-0.0006589797277537805,0.0378477864696978,3.1719999999998723,193.2665017937219,0.004901289475715719,True
original,left_foot,0.0011509340367249802,0.013813016266383446,0.004404743615826677,0.006883716553869632,2,-0.0005952563841733231,0.025746736574602882,3.175999999999872,159.51797711302962,0.0031534090043818653,True
original,right_foot,0.0015048268801737207,0.017750053943551454,0.004343244526040645,0.007538909178808607,2,-0.0006567554739593555,0.038768243928632574,3.175999999999872,192.39667016542967,0.004796834816862183,True
original,left_foot,0.0011974308390690317,0.014518621386741612,0.004404935610923026,0.007016132288248048,2,-0.000595064389076974,0.026569973195016663,3.1799999999998714,160.70192534925175,0.003127330850828175,True
original,right_foot,0.001564763927388703,0.01888296140204824,0.004345735240199919,0.007741096521226849,2,-0.0006542647598000812,0.03969757173346921,3.1799999999998714,191.46905268253582,0.0046661984921328005,True
original,left_foot,0.0012425873133791782,0.015264512618754665,0.004405136565314154,0.007154375406375833,2,-0.0005948634346858465,0.027464980831377866,3.183999999999871,161.8996742725057,0.0030916299362468416,True
original,right_foot,0.001623539575010641,0.020055102844685042,0.004348506766961774,0.00794902134922262,2,-0.0006514932330382263,0.0406475233650324,3.183999999999871,190.50698663380024,0.004519481787781167,True
original,left_foot,0.0012864597491926753,0.016051999332339008,0.004405378440606053,0.007298607759763147,2,-0.000594621559393947,0.02843217243388526,3.1879999999998705,163.10919828269758,0.003050086942596238,True
original,right_foot,0.0016812107951039083,0.02126653972791518,0.004351567750834548,0.008162728713664396,2,-0.0006484322491654591,0.04162485254210269,3.1879999999998705,189.5166352460281,0.004363342337139661,True
original,left_foot,0.0013291913671629422,0.016882459094595736,0.0044056712770525405,0.007448999943357116,2,-0.0005943287229474596,0.029469523215143702,3.19199999999987,164.32926840486635,0.0030052688859780715,True
original,right_foot,0.001737893983204843,0.022517443375180017,0.004354921505195113,0.008382276659895924,2,-0.0006450784948048875,0.042633280715401456,3.19199999999987,188.50262183880216,0.0042023460656150325,True
original,left_foot,0.001370975547230482,0.017757089616164935,0.004406019524137668,0.007605715762769059,2,-0.0005939804758623322,0.030571301249701803,3.1959999999998696,165.5543590200527,0.002958844018539635,True
original,right_foot,0.0017937641101313444,0.02380816773236193,0.0043585512832088405,0.008607750343295272,2,-0.0006414487167911596,0.043674799082166274,3.1959999999998696,187.474048632192,0.004039542755245629,True
original,left_foot,0.0014120237058164796,0.018676792499430786,0.004406439600510119,0.007768902667654166,2,-0.0005935603994898812,0.03173165657237799,3.199999999999869,166.777300095082,0.002912391515742934,True
original,right_foot,0.0018490331741980101,0.02513916161572754,0.004362427563404193,0.008839254536934394,2,-0.0006375724365958067,0.044749947796013004,3.199999999999869,186.43939642774052,0.003877135356564458,True
original,left_foot,0.0014525658071362715,0.019642325203237873,0.004406951769471645,0.007938700332523821,2,-0.0005930482305283548,0.03294566394195676,3.2039999999998687,168.01150717565915,0.0028670082706625487,True
original,right_foot,0.0019039141622457915,0.026510763749319204,0.004366536044269259,0.009076877710031343,2,-0.000633463955730741,0.045855698312890755,3.2039999999998687,185.3897465815412,0.003716428239316451,True
original,left_foot,0.0014928460359838682,0.020654376863960724,0.004407575173592131,0.008115244007039585,2,-0.0005924248264078695,0.0342082875417015,3.2079999999998683,169.26318638563828,0.002823397606635044,True
original,right_foot,0.0019586193491905033,0.02792325742535026,0.0043708726921154045,0.009320696555191552,2,-0.0006291273078845956,0.046989710939042466,3.2079999999998683,184.32001466846205,0.003558240118499344,True
original,left_foot,0.0015331175301798526,0.021713608237554593,0.0044083257829080486,0.008298667415589944,2,-0.0005916742170919516,0.035514955485864134,3.211999999999868,170.53224260230772,0.0027820001386653554,True
original,right_foot,0.0020133622647167497,0.02937692802703287,0.004375435789318802,0.009570785260763773,2,-0.0006245642106811984,0.04814983451142148,3.211999999999868,183.2316550948289,0.003403117645073514,True
original,left_foot,0.0015736383051520757,0.02282067275042281,0.004409215773527118,0.008489105308991097,2,-0.0005907842264728817,0.03686178643258809,3.2159999999998674,171.81730781287794,0.002743629126061546,True
original,right_foot,0.0020683554402193536,0.03087207320773418,0.004380223695856313,0.00982721792310983,2,-0.0006197763041436875,0.049334027269020544,3.2159999999998674,182.12711266665147,0.0032518522612308407,True
original,left_foot,0.0016146694018386225,0.02397619377450113,0.00441025464853944,0.008686689250419249,2,-0.0005897453514605603,0.03824404832752787,3.219999999999867,173.12187136114048,0.0027101962351935797,True
original,right_foot,0.0021238105700905883,0.03240901200939035,0.004385235688327459,0.01009007067792993,2,-0.0006147643116725414,0.050541563996051905,3.219999999999867,181.0033110089571,0.003106312789619157,True
original,left_foot,0.001656482892206922,0.025180613093321223,0.004411449848453729,0.008891521219801735,2,-0.0005885501515462714,0.039652930127325035,3.2239999999998665,174.44314178455414,0.002682071014432933,True
original,right_foot,0.00217995604121873,0.03398824356102076,0.004390472117470484,0.01035944934767102,2,-0.0006095278825295159,0.05177683657059711,3.2239999999998665,179.86425273950408,0.002967309409088137,True
original,left_foot,0.0016993485519726282,0.0264343658196309,0.00441280740837819,0.009103704364566714,2,-0.00058719259162181,0.041086979329849484,3.227999999999866,175.7769553057982,0.002659312094079861,True
original,right_foot,0.0022370177608000267,0.03561028846356411,0.004395932898569779,0.010635461326611365,2,-0.0006040671014302208,0.05303701993073665,3.227999999999866,178.717085861344,0.0028353110557631763,True
original,left_foot,0.0017435267805433463,0.02773791148461502,0.004414332086557629,0.009323348258036646,2,-0.0005856679134423779,0.04254493653943057,3.2319999999998656,177.1231666944247,0.0026414216313507765,True
original,right_foot,0.002295211773610783,0.03727563715333969,0.004401617229632476,0.010918207320230786,2,-0.0005983827703675238,0.05431951409801121,3.2319999999998656,177.56264282673072,0.00270993700168574,True
original,left_foot,0.0017892624027104334,0.029091723090774842,0.004416027960943772,0.009550567180570083,2,-0.0005839720390562282,0.044025428668383944,3.235999999999865,178.4872976525189,0.002693257680200771,True
original,right_foot,0.0023547382202620103,0.03898472207761542,0.00440752478908258,0.011207778217328233,2,-0.0005924752109174201,0.05562060511837587,3.235999999999865,176.13300644367138,0.0025746300619097834,True
original,left_foot,0.0018367233576913168,0.030495461351135376,0.004417897435683715,0.009785337436284888,2,-0.0005821025643162848,0.04549140045843802,3.2399999999998648,179.86971608394748,0.002810972116130275,True
original,right_foot,0.0024156661618324306,0.040736141185824803,0.004413687599115611,0.011503988015747767,2,-0.0005863124008843893,0.05686527662109747,3.2399999999998648,174.4208504386279,0.0024885570651871263,True
original,left_foot,0.0018860381973805189,0.031948031772480796,0.004419939047277659,0.010027518151446486,2,-0.0005800609527223414,0.046929926399579894,3.2439999999998643,181.21650399569972,0.00291916888678289,True
original,right_foot,0.00247800589722825,0.042527419647743564,0.004420137001721003,0.011806480077715405,2,-0.0005798629982789972,0.05804679594091865,3.2439999999998643,172.7800703267564,0.0024713969419855363,True
original,left_foot,0.0019373451304266654,0.03344832777174985,0.004422152387974401,0.01027698104451703,2,-0.0005778476120255989,0.04834248352937754,3.247999999999864,182.5166348105621,0.0030166655764763857,True
original,right_foot,0.0025418161238900906,0.044356536005363316,0.004426873317351594,0.012114955188982195,2,-0.0005731266826484059,0.0591727893496718,3.247999999999864,171.21920665170558,0.0024507273480088025,True
original,left_foot,0.001990779162988016,0.0349953431231837,0.0044245400398562895,0.010533624060425895,2,-0.0005754599601437106,0.0497320296220677,3.2519999999998634,183.77882510908478,0.003102937198934011,True
original,right_foot,0.002607182405959628,0.04622169980580182,0.00443387907403197,0.012429140562495548,2,-0.0005661209259680304,0.06024756111077177,3.2519999999998634,169.71578317201715,0.0024273397011642392,True
original,left_foot,0.0020464670643980847,0.036588132352820275,0.004427104906162299,0.010797360968974268,2,-0.000572895093837701,0.0511031646186911,3.255999999999863,185.00069321660436,0.003172805334034954,True
original,right_foot,0.0026741931866492395,0.048121301383177446,0.00444113034484616,0.012748785711372043,2,-0.000558869655153847,0.06127257267944228,3.255999999999863,168.30917339749584,0.002400776258323322,True
original,left_foot,0.0021045961083635233,0.03822715621864037,0.004429853430561889,0.011068348034971504,2,-0.0005701465694381109,0.052507750853178235,3.2599999999998626,186.18725236330744,0.003226830542349467,True
original,right_foot,0.0027429198040093607,0.0500528800496104,0.00444859720745476,0.013073481223456945,2,-0.0005514027925452398,0.062211938614300834,3.2599999999998626,167.00205534047763,0.0023717436520892775,True
original,left_foot,0.0021653491597093386,0.03991337646156837,0.004432795132048042,0.011346819614270913,2,-0.0005672048679519577,0.05394787692066951,3.263999999999862,187.36292952551082,0.0032588727843665143,True
original,right_foot,0.0028134105154809805,0.05201384141884327,0.004456253893370357,0.013402792459705281,2,-0.0005437461066296499,0.06307185671722897,3.263999999999862,165.73269061799556,0.00233966234920192,True
original,left_foot,0.0022288089573538616,0.04164616604125264,0.0044359540119027,0.01163275203145692,2,-0.0005640459880973002,0.05534970914422307,3.2679999999998617,187.96789981085942,0.003264968116223739,True
original,right_foot,0.002885700934628424,0.05400195897173363,0.004464081761383236,0.013736352314051407,2,-0.0005359182386167642,0.06386638949784941,3.2679999999998617,164.52839417990117,0.002310131986993416,True
original,left_foot,0.002294874737837465,0.04342117840934905,0.004439389362150131,0.01192551050688876,2,-0.0005606106378498689,0.056612082534716744,3.2719999999998612,188.58738494048055,0.0032577714877275316,True
original,right_foot,0.0029599103749506474,0.05601717040651962,0.004472041472654467,0.014074155601124277,2,-0.0005279585273455329,0.06467936049789495,3.2719999999998612,163.59567112059972,0.0022837845598587844,True
original,left_foot,0.002363445517833812,0.045234188407962596,0.004443118143617718,0.012224475848234162,2,-0.0005568818563822823,0.05775678755906737,3.275999999999861,189.23499503591754,0.00324493061217433,True
original,right_foot,0.0030361824449614827,0.0580606062944575,0.004480085471734105,0.014416403485070353,2,-0.0005199145282658952,0.06552531564264892,3.275999999999861,162.6866417882906,0.002259829660182375,True
original,left_foot,0.0024344267953029185,0.04708164897111394,0.004447135863375813,0.01252912533132882,2,-0.0005528641366241869,0.058802367663343826,3.2799999999998604,189.8973463157954,0.003230933345331592,True
original,right_foot,0.0031146207269693387,0.060133245527486355,0.004488177040205585,0.014763285553659598,2,-0.0005118229597944153,0.06640052798935042,3.2799999999998604,161.80316496105354,0.0022381312931626864,True
original,left_foot,0.0025077211774860706,0.04896051784426824,0.004451433070608753,0.012839001376985959,2,-0.0005485669293912475,0.059762711456449374,3.28399999999986,190.56488184827364,0.003218562069374241,True
original,right_foot,0.0031952947071455726,0.062235930005243384,0.00449629560746001,0.015114970512820142,2,-0.0005037043925399899,0.06730328270787411,3.28399999999986,160.94702500591825,0.002218855083256654,True
original,left_foot,0.00258323263487949,0.050868137514629395,0.0044559887729567205,0.013153705531633524,2,-0.0005440112270432796,0.060647916095437605,3.2879999999998595,191.23472381822666,0.0031997794244635665,True
original,right_foot,0.003278245745432408,0.0643694210015313,0.004504443408334592,0.015471603202941924,2,-0.0004955565916654079,0.06823259557597426,3.2879999999998595,160.11511620592285,0.0021975577405620485,True
original,left_foot,0.002660915462567063,0.05280289402996073,0.004460784990365431,0.013473013879103164,2,-0.0005392150096345692,0.06149784086202899,3.291999999999859,191.78590450320982,0.0031760057334897277,True
original,right_foot,0.0033634903866979716,0.0665333145709948,0.004512617029676223,0.015833142137205485,2,-0.0004873829703237768,0.06913679159102216,3.291999999999859,159.32741682615443,0.0021743493713497933,True
original,left_foot,0.002740804015318757,0.05476504250352084,0.004465800802665301,0.013797004849710748,2,-0.0005341991973347058,0.062370744144751425,3.2959999999998586,192.5940255670079,0.0031603015038770494,True
original,right_foot,0.0034509950767896342,0.06872582877693606,0.004520819917493604,0.016199312554547835,2,-0.00047918008250639587,0.06998561461901974,3.2959999999998586,158.55620284558972,0.0021526458199508064,True
original,left_foot,0.0028229905796554617,0.05675669240275979,0.004470999217564796,0.014126017801898701,2,-0.0005290007824352043,0.06331754413274958,3.299999999999858,193.58759536319798,0.0031501408089910734,True
original,right_foot,0.0035407193112670654,0.07094579209849472,0.004519309089456407,0.01657970172843803,2,-0.0004806909105435865,0.07081030653848013,3.299999999999858,157.79333909081168,0.0021329556473168214,True
original,left_foot,0.002907549453666389,0.05878004992657476,0.00447354913474815,0.014463198555844766,2,-0.0005264508652518497,0.06432740259182558,3.3039999999998577,194.58238110635202,0.0031437963907466173,True
original,right_foot,0.0036326189614655975,0.07319245934050253,0.004513509510599666,0.016968807881320925,2,-0.0004864904894003345,0.07162113469735794,3.3039999999998577,157.02826379920594,0.0021165502217594867,True
original,left_foot,0.002994530601282417,0.06083700095071669,0.00446465403666059,0.014817616290876884,2,-0.0005353459633394104,0.06539150045030963,3.3079999999998573,195.58271556984326,0.003140350323254213,True
original,right_foot,0.003726654435767345,0.07546535846302951,0.004507739164165761,0.017362284607460338,2,-0.0004922608358342391,0.07242613824719911,3.3079999999998573,156.25606764254277,0.0021041685618104124,True
original,left_foot,0.0030839730344123586,0.06292919241177418,0.00445590011020193,0.015177928837308178,2,-0.0005440998897980704,0.06650362669902103,3.311999999999857,196.5869490430307,0.003139247505632952,True
original,right_foot,0.0038227917753502253,0.0777642190856378,0.0045020134884334595,0.017760120550968355,2,-0.0004979865115665406,0.07323086838658165,3.311999999999857,155.47792897663788,0.00209631918876576,True
original,left_foot,0.003175910847900303,0.06505809721946615,0.004447264351564673,0.015544384518330432,2,-0.0005527356484353275,0.06765963834975872,3.3159999999998564,197.59455968069932,0.0031402170285419187,True
original,right_foot,0.0039210044385572865,0.08008891875935842,0.004496348921481992,0.018162324346872614,2,-0.0005036510785180149,0.07403900001627788,3.3159999999998564,154.69391888110056,0.0020932465816004267,True
original,left_foot,0.0032703776391906,0.06722506224764883,0.0044387307477862445,0.015917212383409537,2,-0.0005612692522137556,0.0688566426251122,3.319999999999856,198.60514715239526,0.00314305368924474,True
original,right_foot,0.004021273209224485,0.08243945071138375,0.004490759310587768,0.018568920386780374,2,-0.0005092406894122324,0.07485312726841113,3.319999999999856,153.90398993460803,0.002095042327031155,True
original,left_foot,0.0033674088249274364,0.06943134321864594,0.004430288062731956,0.016296628424075546,2,-0.0005697119372680441,0.07009260240470007,3.3239999999998555,199.61934175666374,0.0031462779856025777,True
original,right_foot,0.004123586943053472,0.0848159069936891,0.004485254789093736,0.018979944598088445,2,-0.0005147452109062643,0.07567510212322026,3.3239999999998555,153.10708572365257,0.002100744834353509,True
original,left_foot,0.0034670469180545153,0.07167810024127617,0.0044219287521820375,0.01668283508453707,2,-0.0005780712478179626,0.07136431957240245,3.327999999999855,200.63805878875024,0.0031447174624759833,True
original,right_foot,0.004227948402983512,0.08721845719109521,0.004479842180858271,0.019395441671268717,2,-0.0005201578191417295,0.07650601936830431,3.327999999999855,152.30069861985532,0.0021066570242839417,True
original,left_foot,0.003569350375806417,0.0739662869362001,0.004413647334063228,0.017076003218356714,2,-0.0005863526659367719,0.07266234326504172,3.3319999999998546,201.661226552862,0.003137711586085805,True
original,right_foot,0.004334396677582515,0.08964747240498126,0.0044745254052505415,0.019815488383897965,2,-0.0005254745947494586,0.07735181388517819,3.3319999999998546,151.48348693431018,0.002153471176752821,True
original,left_foot,0.0036743849614792896,0.07629665899882077,0.004405451419118071,0.017476263965823146,2,-0.0005945485808819288,0.07398370955149099,3.335999999999854,202.6635061589036,0.0031285182634979616,True
original,right_foot,0.004443001752847138,0.09210354088322889,0.004469314752322283,0.020240183767096385,2,-0.0005306852476777172,0.07821558142140825,3.335999999999854,150.68313124430105,0.0022091623193755223,True
original,left_foot,0.003782201166943583,0.07867003691990004,0.00439736023414939,0.017883755224728914,2,-0.0006026397658506098,0.07533308467614255,3.3399999999998538,203.63166610068177,0.0031775275115439173,True
original,right_foot,0.004553813752334118,0.09458721134616002,0.004464222562997416,0.020669607139757063,2,-0.0005357774370025837,0.07909591535589201,3.3399999999998538,149.91302900050886,0.0022650504207852883,True
original,left_foot,0.0038928416109052363,0.08108732764585774,0.004389392265606494,0.018298632615958852,2,-0.0006106077343935061,0.07671431434118713,3.3439999999998533,204.5749801739949,0.0032274640377581497,True
original,right_foot,0.004666866115611086,0.09709898361400908,0.004459255452457053,0.02110382873521822,2,-0.0005407445475429469,0.07999158980860446,3.3439999999998533,149.16424104241372,0.0023199809068524804,True
original,left_foot,0.004006348539674189,0.08354951870321564,0.004381561608637653,0.018721067374906628,2,-0.0006184383913623468,0.07813004582441309,3.347999999999853,205.50270391843475,0.003274200219233314,True
original,right_foot,0.004782182784868655,0.09963931972136754,0.004454415559859773,0.021542914608890934,2,-0.0005455844401402272,0.08090180340141012,3.347999999999853,148.42759577054886,0.002373656950724309,True
original,left_foot,0.004122768104698534,0.08605766617090974,0.004373878116151565,0.019151241891713706,2,-0.0006261218838484418,0.07958209450898146,3.3519999999998524,206.42019083528004,0.003318049639697008,True
original,right_foot,0.004899783546369693,0.10220865770378663,0.004449702816347698,0.021986928838142322,2,-0.0005502971836523025,0.08182613064665359,3.3519999999998524,147.6978091362959,0.0024261931597199205,True
original,left_foot,0.004242152370816968,0.08861288289976728,0.004366347980045898,0.01958934657590446,2,-0.0006336520199541019,0.08107173005783493,3.355999999999852,207.3303440447954,0.003359509771341104,True
original,right_foot,0.005019687534404317,0.10480742425874082,0.004445116222449835,0.022435935106829747,2,-0.0005548837775501648,0.08276445101114731,3.355999999999852,146.97202754980012,0.0024778781880929733,True
original,left_foot,0.004364560092946485,0.09121632825700009,0.0043589745227617036,0.02003557765390471,2,-0.0006410254772382966,0.08259987655230666,3.3599999999998515,208.23455133072224,0.0033991207984672995,True
original,right_foot,0.005141915442396297,0.10743604536252221,0.0044406544546862076,0.02288999791075936,2,-0.0005593455453137925,0.08371688441082595,3.3599999999998515,146.2488902972336,0.0025290460505170004,True
original,left_foot,0.0044900568442821105,0.09386919989788488,0.004351758973129935,0.02049013571372426,2,-0.0006482410268700651,0.08416725457132425,3.363999999999851,209.13327111989545,0.0034373961941745078,True
original,right_foot,0.005266490878730215,0.11009495464967527,0.004436316157669866,0.023349183391507045,2,-0.0005636838423301342,0.08468373193061358,3.363999999999851,145.5279421543495,0.002580013886909279,True
original,left_foot,0.004618714844106538,0.09657272760232495,0.004344701178847138,0.02095322476362641,2,-0.0006552988211528622,0.08577447727169783,3.3679999999998507,210.02638137597916,0.0034747943394583865,True
original,right_foot,0.0053934411469008375,0.11278459974399434,0.004432100046602244,0.023813559921787786,2,-0.0005678999533977559,0.08566542871768638,3.3679999999998507,144.80928420021442,0.002631052615436904,True
original,left_foot,0.004750612669678304,0.09932816900589873,0.004337800200403745,0.021425051681621905,2,-0.0006621997995962551,0.08742211614693324,3.3719999999998502,210.91338909805353,0.0035117090604582166,True
original,right_foot,0.00552279765745872,0.11550544686793811,0.004428004937920567,0.02428319848199492,2,-0.0005719950620794263,0.08666250647373197,3.3719999999998502,144.09336385448316,0.002682377111180811,True
original,left_foot,0.004885834954861192,0.1021368069518428,0.004331054792427937,0.021905825933538417,2,-0.0006689452075720635,0.08911074455126686,3.37599999999985,211.79354938446102,0.0035484702931917597,True
original,right_foot,0.005654596104451604,0.11825798409302242,0.004424029743080475,0.024758172898027755,2,-0.000575970256919525,0.08767556576623715,3.37599999999985,143.38085534308073,0.0027341451860514007,True
original,left_foot,0.005024472123656297,0.10499994817412231,0.00432446377377161,0.022395759488251184,2,-0.0006755362262283971,0.09084096676859109,3.3799999999998493,212.66593260156043,0.0035853484364427326,True
original,right_foot,0.005788876500356878,0.12104272356182615,0.004420173458367836,0.02523855997300805,2,-0.000579826541632157,0.08870525561986058,3.3799999999998493,142.6725916490896,0.0027864614239490543,True
original,left_foot,0.005166620180873011,0.10791892303720058,0.004318026306095145,0.022895066867626455,2,-0.0006819736939048483,0.09261343700914748,3.383999999999849,213.52945916330233,0.003622746162024838,True
original,right_foot,0.005925683128853747,0.12386020296142672,0.00441643515606728,0.025724439550302774,2,-0.0005835648439327197,0.08975225918940134,3.383999999999849,141.96952856248922,0.002839711217848164,True
original,left_foot,0.005312383915742317,0.11089516783689897,0.004311742060358455,0.023403979465126318,2,-0.0006882579396415454,0.09443246236121128,3.3879999999998485,214.38170175909534,0.003661111066185953,True
original,right_foot,0.006065061883508722,0.12671094544025424,0.0044128137396766826,0.026215887748134402,2,-0.0005871862603233245,0.09081556055311159,3.3879999999998485,141.2732959663663,0.00289436458806075,True
original,left_foot,0.005461880453895265,0.11393030709604311,0.0043056109617762225,0.02392275977645162,2,-0.0006943890382237776,0.09630426111013894,3.391999999999848,215.22328600018284,0.0037004910878093837,True
original,right_foot,0.006207057906620445,0.1295954230145693,0.0044093076071468895,0.02671297127639621,2,-0.0005906923928531106,0.09189341806875391,3.391999999999848,140.58375169614084,0.0029502226386519644,True
original,left_foot,0.005615234149057465,0.1170260234015565,0.0042996330001901575,0.024451678598283278,2,-0.0007003669998098426,0.09822917509701985,3.3959999999998476,216.05713983911193,0.003740220623566173,True
original,right_foot,0.006351720102742368,0.13251412917686156,0.004405915196257645,0.027215759703648888,2,-0.0005940848037423547,0.09298716330466898,3.3959999999998476,139.89950951242565,0.003006558177610879,True
original,left_foot,0.005772574415133081,0.12018403136452388,0.00429380899538051,0.024991010091327454,2,-0.0007061910046194898,0.10020842736191228,3.399999999999847,216.88102528936432,0.0037799738519566097,True
original,right_foot,0.00649910012170068,0.13546758509369455,0.004402635585418535,0.027724325466768625,2,-0.000597364414581465,0.09409744907068902,3.399999999999847,139.2228174858955,0.003062949932411811,True
original,left_foot,0.005934036019185277,0.12340608992610065,0.004288140126551154,0.02554103459001236,2,-0.0007118598734488458,0.10224345718892038,3.4039999999998467,217.69483730192763,0.0038206682359730165,True
original,right_foot,0.006649250915034506,0.13845632727906926,0.004399467679189639,0.02823874274469625,2,-0.0006005323208103609,0.09522476158543185,3.4039999999998467,138.55314529875932,0.0031199295095769644,True
original,left_foot,0.006099760331843214,0.12669397964730142,0.004282627491016766,0.026102035108032422,2,-0.000717372508983234,0.1043346565790118,3.4079999999998463,218.49902304201882,0.0038650729372381207,True
original,right_foot,0.0068022306764728615,0.14148093165548234,0.004396410190248404,0.02875909203898881,2,-0.0006035898097515894,0.09637045843935695,3.4079999999998463,137.88895088516006,0.0032153047684990253,True
original,left_foot,0.006269901134880986,0.1300495988557468,0.004277272644249271,0.026674313964889857,2,-0.0007227273557507295,0.10648685012524489,3.411999999999846,219.28864311073482,0.003913608665486108,True
original,right_foot,0.006958065931488972,0.14454158153593483,0.004393470678847433,0.029285474598212444,2,-0.000606529321152567,0.09753364633946744,3.411999999999846,137.23944042864412,0.0033419194190882464,True
original,left_foot,0.006444616454977842,0.13347486329226943,0.0042720657525380165,0.02725818978580861,2,-0.0007279342474619836,0.10869941776523234,3.4159999999998454,220.06454982489032,0.003964745349643039,True
original,right_foot,0.0071167935352062315,0.1476384588189491,0.004390697105455747,0.029817955890561774,2,-0.0006093028945442528,0.09871607074577834,3.4159999999998454,136.59630072407273,0.0034897988365660366,True
original,left_foot,0.006624069615281734,0.13697166733876656,0.004267013561702608,0.027853958981540562,2,-0.000732986438297392,0.11097178484238175,3.419999999999845,220.81396146911794,0.004022847127338574,True
original,right_foot,0.007278470092544256,0.1507719914410827,0.004388117580790683,0.03035661815920657,2,-0.0006118824192093099,0.09992007639380618,3.419999999999845,135.97256038114264,0.003681287995051021,True
original,left_foot,0.006808433754951941,0.1405419083920243,0.004262121766821378,0.028461921308111524,2,-0.0007378782331786222,0.11330443352914313,3.4239999999998445,221.53455368711158,0.0040877266469739855,True
original,right_foot,0.007443277232072745,0.15394203602869758,0.004385753623465251,0.03090156182147182,2,-0.0006142463765347562,0.10115536262918172,3.4239999999998445,135.3718562636581,0.003892643856376316,True
original,left_foot,0.006997884526765122,0.14418740653313933,0.004257381350152772,0.029082380334191714,2,-0.0007426186498472277,0.11569444164162036,3.427999999999844,222.2349978070066,0.004153940818960031,True
original,right_foot,0.007611450893860966,0.15714866570043,0.004383670382387857,0.03145283118173308,2,-0.0006163296176121434,0.10242395939909651,3.427999999999844,134.78080776888947,0.004133896679650391,True
original,left_foot,0.007192613368777305,0.14791013845056933,0.00425281159726254,0.029715632544366183,2,-0.0007471884027374599,0.11814913258019338,3.4319999999998436,222.89575520779763,0.004221466773561706,True
original,right_foot,0.007783206098961957,0.1603920110241301,0.004381889838424247,0.03201049446372714,2,-0.0006181101615757535,0.10372088251352737,3.4319999999998436,134.22210210304573,0.004363124175299334,True
original,left_foot,0.007392805859676219,0.1517120012793205,0.004248416370173015,0.030361980262913733,2,-0.0007515836298269919,0.12066305004417295,3.435999999999843,223.4957136121354,0.004277087349915249,True
original,right_foot,0.00795869307668941,0.16367314529385338,0.004380439161232652,0.03257460402893822,2,-0.000619560838767348,0.10504696820133953,3.435999999999843,133.67984701070773,0.0046124664278093235,True
original,left_foot,0.007598658743667437,0.15559530295114465,0.004244238672960178,0.031021753196321427,2,-0.0007557613270398221,0.12325635790009742,3.4399999999998427,224.0268817219847,0.00428700157947424,True
original,right_foot,0.008138055165837215,0.16699289067435222,0.004379268231308492,0.03314533301645339,2,-0.0006207317686915013,0.10641175904704607,3.4399999999998427,133.181941340934,0.004637244675181446,True
original,left_foot,0.007809421335129594,0.15954427206839858,0.004240639000513101,0.031692386761360006,2,-0.0007593609994868992,0.1252421302938677,3.4439999999998423,221.1676272860955,0.004253905832788464,True
original,right_foot,0.008320753655115379,0.17034684372589123,0.004378632328498243,0.0337210927131291,2,-0.0006213676715017573,0.10744520948661056,3.4439999999998423,131.85997394107582,0.004843036962288707,True
original,left_foot,0.008023127878586186,0.16351926333355032,0.004238269806432479,0.03236710675035338,2,-0.0007617301935675209,0.12586598277287547,3.447999999999842,216.36146221587194,0.004255818394831536,True
original,right_foot,0.008506778474544828,0.17373011492966464,0.004378496953477834,0.0343014600025717,2,-0.0006215030465221661,0.10848141007083223,3.447999999999842,130.55560264906913,0.004617230957575713,True
original,left_foot,0.008238576253294994,0.16749657818245559,0.0042370389311439105,0.033042019222021095,2,-0.0007629610688560896,0.12596017334405185,3.4519999999998414,214.18536321019553,0.00423145981375137,True
original,right_foot,0.008695916322015345,0.17715163537615913,0.004379123280354037,0.0348860905488705,2,-0.0006208767196459629,0.10954473604464071,3.4519999999998414,130.58753870369546,0.005042930484511678,True
original,left_foot,0.00845556704623198,0.1714708613012187,0.004237141022373235,0.03371551432495469,2,-0.0007628589776267651,0.12593943886130113,3.455999999999841,212.99687247432252,0.004275915027575259,True
original,right_foot,0.008888787570353574,0.18060828473548274,0.004379668683907531,0.03547695405288022,2,-0.000620331316092469,0.11082549746843941,3.455999999999841,131.57798419930117,0.00446355326247212,True
original,left_foot,0.00867401194868837,0.17544109782341508,0.0042377737904059215,0.03438808651821225,2,-0.0007622262095940786,0.12588542423784757,3.4599999999998405,211.80396213704424,0.004228982145037391,True
original,right_foot,0.009085343341954889,0.1841118442805508,0.00438121551537643,0.036071848119607466,2,-0.0006187844846235703,0.11194383925157811,3.4599999999998405,132.1078000601832,0.0048628472686071235,True
original,left_foot,0.008894001850648505,0.17940631583430378,0.004239888026271288,0.03505770272376431,2,-0.0007601119737287122,0.1256946285457892,3.46399999999984,211.85026950239265,0.004318257082012857,True
original,right_foot,0.009285758662299163,0.18764668283179659,0.004382259464022396,0.0366745462682009,1,-0.0006177405359776037,0.11334583466782987,3.46399999999984,131.9570685226973,0.005623044734483213,True
original,left_foot,0.00911561582750358,0.18337208680096442,0.004241527294052652,0.03572795205356234,2,-0.0007584727059473479,0.12584553156521808,3.4679999999998397,209.6696444065448,0.0041131610508639465,True
original,right_foot,0.009494822597127068,0.19138071689293137,0.004382498108625857,0.03726681391171102,2,-0.0006175018913741432,0.11434904526340146,3.4679999999998397,135.38442070768747,0.008576929803933589,True
original,left_foot,0.009337749893148567,0.18734113020775975,0.0042447265993556665,0.036395980007784066,2,-0.0007552734006443336,0.12591469540356862,3.471999999999839,210.5629251349908,0.009095970935117584,True
original,right_foot,0.009715046348007041,0.1950959518124877,0.004382350982383619,0.03786874677833278,2,-0.000617649017616388,0.11669503713322958,3.471999999999839,133.87767345100457,0.006189277967924298,True
original,left_foot,0.00956781715681707,0.19126579602799598,0.00424828665481982,0.0370605139053745,2,-0.0007517133451801798,0.1262348700795939,3.4759999999998388,206.88340276613488,0.004221405262620183,True
original,right_foot,0.009924847757010658,0.19881588057017324,0.004383026696532441,0.03848921761149385,2,-0.000616973303467566,0.1183550745745551,3.4759999999998388,138.5269945098863,0.0049784395662630454,True
original,left_foot,0.009797393032744742,0.19519822961013517,0.004253606128008451,0.03772349747187395,2,-0.000746393871991549,0.12568659075572722,3.4799999999998383,203.77301389234609,0.0042299004807234185,True
original,right_foot,0.01014015316426377,0.20256681917342212,0.004384339483169956,0.03911952824213066,2,-0.0006156605168300437,0.11929519227825701,3.4799999999998383,141.02020933488367,0.004409421464112795,True
original,left_foot,0.010027752441638036,0.19916060451139028,0.00425892792566096,0.03838860644785004,2,-0.0007410720743390468,0.12626315987843556,3.483999999999838,206.3165540674775,0.004138747187561805,True
original,right_foot,0.010361770662364893,0.20636316599464385,0.0043866066742558885,0.03975522737427706,2,-0.0006133933257441116,0.12061793507217225,3.483999999999838,139.31588294045724,0.004186797922138384,True
original,left_foot,0.010259945096903887,0.2031398343553943,0.004264368224211931,0.03905423798232655,2,-0.0007356317757880688,0.12642167413040642,3.4879999999998375,203.50771431494485,0.004095491250027784,True
original,right_foot,0.010587760694878554,0.21021447303504268,0.004388572454998428,0.040398373549770744,2,-0.000611427545001572,0.12217535775254326,3.4879999999998375,140.68059524852532,0.003995578778717897,True
original,left_foot,0.010493704374111918,0.2071267308456058,0.004269734115305804,0.03971974844482318,2,-0.0007302658846941963,0.12647618027810165,3.491999999999837,201.70121114316493,0.004049996247738676,True
original,right_foot,0.01081853725643376,0.2141235148682053,0.004390726437208267,0.04104899291897137,2,-0.0006092735627917329,0.12383830669342427,3.491999999999837,141.96692514217912,0.0038998748720288474,True
original,left_foot,0.010729164266711517,0.21112023457636492,0.004275448837999615,0.0403846614833044,2,-0.0007245511620003848,0.1265783460709244,3.4959999999998366,200.28484027736715,0.004028669210880305,True
original,right_foot,0.011054333055686491,0.21809246132023674,0.00439282757864979,0.04170785948309316,2,-0.0006071724213502034,0.12560060237717224,3.4959999999998366,143.50314546014596,0.003804305151281925,True
original,left_foot,0.010966441805869125,0.21512049258429852,0.004281384669052014,0.04104937223920209,2,-0.0007186153309479857,0.1267215099332406,3.499999999999836,198.77810747781925,0.003979472325915825,True
original,right_foot,0.011295406063480644,0.22212342480884834,0.004395180535723894,0.04237504189872236,2,-0.0006048194642761058,0.12744697480427794,3.499999999999836,145.04048927854285,0.003753376147053786,True
original,left_foot,0.011205673301246066,0.21912847503543345,0.004287742404935416,0.041713881220917515,2,-0.0007122575950645844,0.12691550357316375,3.5039999999998357,197.2996871985798,0.00393738729472011,True
original,right_foot,0.011541965734872749,0.2262186253807503,0.004397658243885667,0.04305115571481023,2,-0.0006023417561143328,0.1293819558892219,3.5039999999998357,146.61895923328922,0.003696232947220582,True
original,left_foot,0.011446955859238727,0.22314504805621435,0.004294440950717848,0.04237853354545931,2,-0.0007055590492821518,0.12715118583672022,3.5079999999998353,195.7263555368673,0.0038792560524070607,True
original,right_foot,0.011794234098343985,0.23038011042988943,0.004400441366858306,0.04373639146971413,2,-0.0005995586331416945,0.13139332562527306,3.5079999999998353,148.19526845451327,0.0036610724737945813,True
original,left_foot,0.011690384965232612,0.2271711974260637,0.0043015839706270625,0.04304340262366025,2,-0.0006984160293729376,0.12742433867875735,3.511999999999835,194.13491422127908,0.003824508701646974,True
original,right_foot,0.012052422617867016,0.23461012282749727,0.00440347015497148,0.04443126128240387,2,-0.0005965298450285273,0.13349044213548766,3.511999999999835,149.79357372134226,0.0036197455050486827,True
original,left_foot,0.011936026230299728,0.23120760665377849,0.00430911893420681,0.04370871164133775,2,-0.0006908810657931903,0.12772499790837524,3.5159999999998344,192.4764435517306,0.0037591494870100627,True
original,right_foot,0.012316775590448756,0.23891116920175667,0.004406854956915167,0.04513609296629205,2,-0.0005931450430848263,0.13567721311706238,3.5159999999998344,151.40317123975944,0.003589548658038056,True
original,left_foot,0.012183951494029878,0.23525509316155802,0.004317099621128986,0.04437453958630748,2,-0.0006829003788710137,0.12805521620319749,3.519999999999834,190.79829921685405,0.0036942447999265197,True
original,right_foot,0.012587543680392712,0.24328598754390274,0.004410569725291975,0.045851408332385615,2,-0.0005894302747080178,0.13796065330981885,3.519999999999834,153.04551765520065,0.003554733785742708,True
original,left_foot,0.012434222581650924,0.23931437080904097,0.004325491621709789,0.045041062668963114,2,-0.0006745083782902115,0.12841125447014543,3.5239999999998335,189.06875777706438,0.0036288601794609056,True
original,right_foot,0.012865004358059073,0.24773754586749439,0.004414682671545739,0.04657763368008784,2,-0.0005853173284542613,0.14034538453781445,3.5239999999998335,154.7112720013842,0.0035122946376886935,True
original,left_foot,0.01268799643979836,0.24340373815388167,0.004334131318809484,0.04571144497660987,2,-0.0006658686811905163,0.12952500506157513,3.527999999999833,187.9230399866388,0.003576911545979573,True
original,right_foot,0.013147718337740786,0.2522395237927164,0.004419130114746657,0.047310917605610514,2,-0.0005808698852533432,0.14167837424291088,3.527999999999833,154.25769100334426,0.00343299000503554,True
original,left_foot,0.012946566651731491,0.24754338663519965,0.004342945733162552,0.04638920554106131,2,-0.0006570542668374478,0.1312548446860087,3.5319999999998326,185.95262173855218,0.0035148975375578154,True
original,right_foot,0.013433327478360473,0.25674985208488943,0.0044240520946811565,0.04804458834972912,2,-0.0005759479053188367,0.14170148324215787,3.5319999999998326,153.18403851334415,0.0033382105949638953,True
original,left_foot,0.013209371519068792,0.2517238148266368,0.004352325962215721,0.047072578033965536,2,-0.0006476740377842722,0.13241721861954697,3.535999999999832,182.56784576108657,0.0034679559406196243,True
original,right_foot,0.013721868611901849,0.2612674976754981,0.004429556493886946,0.04877797629182695,2,-0.0005704435061130537,0.14208629335331902,3.535999999999832,155.1963082559762,0.003239891138644481,True
original,left_foot,0.013476700282578696,0.2559493011638646,0.004362279708557126,0.04776228273268586,2,-0.0006377202914428738,0.1339533898739513,3.5399999999998317,180.50084418392305,0.003422873694298924,True
original,right_foot,0.014012902060186872,0.2657847117672453,0.004435446815260875,0.04950973330273047,2,-0.0005645531847391248,0.14199986709460324,3.5399999999998317,156.5140379686286,0.003136177473869212,True
original,left_foot,0.013748389404785904,0.2602167204887116,0.004372903779310412,0.048457739759849655,2,-0.0006270962206895879,0.1352436823906692,3.5439999999998313,177.65889854300744,0.0033914670857873707,True
original,right_foot,0.014306662283833317,0.2703051935925203,0.0044416547231661,0.05024014589607992,2,-0.0005583452768339004,0.14217605084828341,3.5439999999998313,158.91551608130916,0.003038493492756432,True
original,left_foot,0.014024683425432012,0.26452920272532254,0.004384178430562609,0.04915944005071658,2,-0.0006158215694373912,0.13674653077912674,3.547999999999831,175.42187931504037,0.0033639550078562843,True
original,right_foot,0.014603003281648513,0.27482671543724585,0.004448019476033779,0.05096883039668171,2,-0.0005519805239662208,0.1421499809760042,3.547999999999831,160.80094940285946,0.0029369822017993818,True
original,left_foot,0.014305541848718278,0.2688852281312658,0.004396123717483456,0.049867107687475064,2,-0.0006038762825165507,0.13812075191137566,3.5519999999998304,172.7440836560597,0.00334567639238625,True
original,right_foot,0.014902095895448395,0.2793522703426906,0.004454516107401857,0.051696116645372624,2,-0.0005454838925981432,0.14229192637687857,3.5519999999998304,163.17217751470145,0.002841447828518759,True
original,left_foot,0.014591145469837688,0.27328665298354,0.004408722819529774,0.050581014375922495,2,-0.0005912771804702328,0.13961581319183175,3.55599999999983,170.39997283844028,0.003331437735833782,True
original,right_foot,0.015203875347928412,0.28388117549945097,0.004461063277936661,0.05242193327594407,2,-0.0005389367220633391,0.14234331026921423,3.55599999999983,165.24591731600395,0.002743124558174779,True
original,left_foot,0.014881514422318038,0.2777327641954905,0.0044219698659362025,0.05130102867484077,2,-0.0005780301340637976,0.1410446410323467,3.5599999999998295,167.81888290353947,0.003323502058928434,True
original,right_foot,0.015508451407571337,0.28841554023688076,0.0044676776432851645,0.05314656926946277,2,-0.0005323223567148356,0.14250659395195778,3.5599999999998295,167.58080323930082,0.002650439807022022,True
original,left_foot,0.015176790402660007,0.28222469957306157,0.004435852394999697,0.05202730495857039,2,-0.0005641476050003104,0.14254395298996062,3.563999999999829,165.4267252546229,0.003319329292847619,True
original,right_foot,0.015815803456473557,0.2929554477164405,0.0044743318017863715,0.053870113219159646,2,-0.0005256681982136425,0.14264016382915948,3.563999999999829,169.75265066663775,0.002556517318838386,True
original,left_foot,0.015477022316279608,0.28676214146441215,0.004450356372286121,0.05275978335818009,2,-0.000549643627713879,0.14400958013320095,3.5679999999998286,162.91174314182044,0.003319429081978732,True
original,right_foot,0.016126012747418886,0.297502560130104,0.004481064101334864,0.05459284785288279,2,-0.0005189358986651361,0.1428572103086659,3.5679999999998286,172.06422016055473,0.0024681535156029204,True
original,left_foot,0.015782326337478603,0.29134579162204993,0.004465473033575085,0.053498552940210636,2,-0.0005345269664249015,0.14551736090534964,3.571999999999828,160.51175865969097,0.0033228745216843936,True
original,right_foot,0.01643908943952385,0.30205743400144663,0.004487879378192797,0.05531496044283569,2,-0.0005121206218072173,0.14307966615505674,3.571999999999828,174.28069421094744,0.0023804474067235415,True
original,left_foot,0.01609276432044273,0.29597551526182925,0.004481187349089949,0.05424358825672201,2,-0.0005188126509100511,0.14700845789516173,3.5759999999998278,158.05687567136067,0.0033296329102270724,True
original,right_foot,0.016755106161394816,0.3066215562992788,0.004494825634528049,0.056036748616803383,2,-0.000505174365471951,0.14337261925388695,3.5759999999998278,176.56683335533683,0.002299129281522834,True
original,left_foot,0.016408435421518857,0.3006517350053025,0.004497492842659878,0.05499493963091393,2,-0.000502507157340122,0.14852521960719578,3.5799999999998273,155.68288124401334,0.0033393615785684396,True
original,right_foot,0.017074099843711908,0.3111958424563082,0.004501925902510376,0.056758471938896354,2,-0.0004980740974896243,0.14369382899492716,3.5799999999998273,178.79037766957828,0.002220550359321492,True
original,left_foot,0.01672940752496694,0.30537439777121217,0.0045143767121174905,0.0557525969226668,2,-0.00048562328788250963,0.1500346671436237,3.583999999999827,153.29597535763796,0.003350257043173131,True
original,right_foot,0.01739614535409244,0.31578173393075804,0.004509232586019318,0.057480448237544224,2,-0.0004907674139806818,0.14407987596481692,3.583999999999827,181.03916055965504,0.002148778889012332,True
original,left_foot,0.017055768029041907,0.31014371351425235,0.004531846141705931,0.05651658111057335,2,-0.0004681538582940693,0.15156071570964272,3.5879999999998264,150.97215681752164,0.0033617700940526906,True
original,right_foot,0.01772129829241535,0.3203803373779399,0.004516783939329305,0.05820297567826294,2,-0.0004832160606706949,0.14450713965493492,3.5879999999998264,183.23922685884082,0.002081109376652742,True
original,left_foot,0.017387589331378524,0.31495962507917297,0.004549915098270851,0.057286889029308355,2,-0.0004500849017291487,0.1530885733568744,3.591999999999826,148.6601664932209,0.0033721771800290633,True
original,right_foot,0.018049632496638407,0.32499296883507556,0.004524640302150759,0.058926367824643514,2,-0.0004753596978492409,0.1449927052143489,3.591999999999826,185.43999225167636,0.0020206807352821576,True
original,left_foot,0.01772495920038919,0.3198222664068531,0.0045686102318788085,0.05806354365319294,2,-0.00043138976812119156,0.15463190960303058,3.5959999999998256,146.39877138501726,0.0033812459226168954,True
original,right_foot,0.018381207486200514,0.3296206929427816,0.004532849034495232,0.05965091743168005,2,-0.0004671509655047685,0.1455225441799252,3.5959999999998256,187.60190863758976,0.0019660046222406973,True
original,left_foot,0.01806794543565022,0.32473145748771004,0.004587950479163272,0.05884652643841453,2,-0.0004120495208367282,0.15617402723869314,3.599999999999825,144.15981813174773,0.003388361648122468,True
original,right_foot,0.01871611220292878,0.3342649380213901,0.0045414684055490595,0.06037696220975603,2,-0.0004585315944509406,0.14611583668728462,3.599999999999825,189.74687753705726,0.0019194892907734237,True
original,left_foot,0.018416624662908814,0.32968713273700023,0.004598837107538736,0.05964494301774691,2,-0.0004011628924612638,0.15772417669726918,3.6039999999998247,141.97953271207064,0.0033936143895303894,True
original,right_foot,0.019054434869874497,0.33892704702439747,0.004550546004058464,0.061104837052493685,2,-0.00044945399594153567,0.1467632812348691,3.6039999999998247,191.83583377891387,0.00187969476073767,True
original,left_foot,0.018771069761000056,0.33468916567228435,0.004590669575377293,0.06046937837996107,2,-0.00040933042462270707,0.1592752370541765,3.6079999999998242,139.83585137270174,0.0033961770512173787,True
original,right_foot,0.01939627616810116,0.3436084568725503,0.0045601359517332685,0.06183487629004873,2,-0.00043986404826673164,0.14747172541117665,3.6079999999998242,193.88720139068715,0.001848090219932021,True
original,left_foot,0.01913135805444241,0.33973748578340024,0.004582862602250201,0.06130039477872748,2,-0.0004171373977497851,0.1608302000120212,3.611999999999824,137.74157369650766,0.003396471321668091,True
original,right_foot,0.019741739615162714,0.3483105689563604,0.004544698732656768,0.0625929900362778,2,-0.0004553012673432317,0.14823655932386895,3.611999999999824,195.88697551677308,0.0018234113429307238,True
original,left_foot,0.01949756523367786,0.3448320001755336,0.00457545226790429,0.06213791271704038,2,-0.0004245477320957104,0.16238510072315118,3.6159999999998234,135.68808661538276,0.003393795082634226,True
original,right_foot,0.020090937556954108,0.3530348245957712,0.00452595136688666,0.0633578204921516,2,-0.0004740486331133399,0.14905971018737857,3.6159999999998234,197.84179647020505,0.0018062909261756046,True
original,left_foot,0.01986976817125104,0.34997263044675203,0.004568461556137771,0.06298185042539385,2,-0.0004315384438622295,0.1639399661260998,3.619999999999823,133.68794955266458,0.00338874059485664,True
original,right_foot,0.020443987168006952,0.3577826576890454,0.004507983234579432,0.0641256149660398,2,-0.0004920167654205677,0.14993826023154913,3.619999999999823,199.73833219571034,0.0017963134573545,True
original,left_foot,0.02024800672267546,0.35515880025464175,0.004561906661793888,0.06383203308655434,2,-0.00043809333820611206,0.16546378903928283,3.6239999999998225,131.7490750497869,0.003385446187238672,True
original,right_foot,0.02080104965592188,0.36255601200085263,0.004490880502144828,0.0648966824925342,2,-0.0005091194978551717,0.15090052261650763,3.6239999999998225,201.56866115492375,0.001795334705036316,True
original,left_foot,0.02063224760722607,0.36038900155911224,0.00455579095988301,0.06468811488243324,2,-0.0004442090401169897,0.16694137985967356,3.627999999999822,129.91632558914432,0.0033890319060851286,True
original,right_foot,0.021162370699686864,0.36735781497867764,0.004474716977026644,0.06567147358787861,2,-0.0005252830229733564,0.15195866620425216,3.627999999999822,203.29505784517903,0.0018020661783234282,True
original,left_foot,0.021022556497859394,0.3656631620496342,0.004550109948246728,0.06554996031343227,2,-0.00044989005175327234,0.1684228544746151,3.6319999999998216,128.22813549398956,0.0033939146370139035,True
original,right_foot,0.02152811440716633,0.37218973745674244,0.0044595240003272585,0.06645021324804418,2,-0.0005404759996727416,0.15306045114382472,3.6319999999998216,204.88978456029764,0.0018110559850374594,True
original,left_foot,0.02141903625370507,0.3709816597166734,0.0045448441115973764,0.06641752480452238,2,-0.00045515588840262366,0.1699124297689228,3.635999999999821,126.56765374485211,0.003399180666797093,True
original,right_foot,0.02189841917110738,0.3770531219542479,0.004445286034413673,0.06723304417248034,2,-0.0005547139655863271,0.15419812602413102,3.635999999999821,206.45747531062486,0.001814842190585996,True
original,left_foot,0.021821790980267597,0.37634484647837607,0.0045399773381134545,0.06729075820200192,2,-0.0004600226618865456,0.17140884640025938,3.6399999999998207,124.93600936116368,0.0033988607119320377,True
original,right_foot,0.02227341955951015,0.38194931961070355,0.004431956526184916,0.06802008980382963,2,-0.0005680434738150842,0.15536582250428113,3.6399999999998207,207.98682049936224,0.001825107376322174,True
original,left_foot,0.02223092116267562,0.3817530204439085,0.00453548803872357,0.06816960271136963,2,-0.0004645119612764299,0.17290951865682708,3.6439999999998203,123.34075422526972,0.0033981466345591026,True
original,right_foot,0.022653246941867145,0.3868795673531493,0.0044194757982267685,0.06881144091725774,2,-0.0005805242017732316,0.15655903603866334,3.6439999999998203,209.46741386776438,0.0018273701024422218,True
original,left_foot,0.022646514206074105,0.3872062883288962,0.004531353828040985,0.06905396302891365,2,-0.00046864617195901525,0.17440734172936995,3.64799999999982,121.7775980355473,0.0033914127952821443,True
original,right_foot,0.023038033364310317,0.39184512780884884,0.004407776279138936,0.0696071861958083,2,-0.0005922237208610638,0.1577776125887722,3.64799999999982,210.91243895523814,0.0018383933626728007,True
original,left_foot,0.0230686506222731,0.3927047023005889,0.004527546015565223,0.06994372952274946,2,-0.00047245398443477703,0.17590019487284655,3.6519999999998194,120.2716087888482,0.0035656448510669216,True
original,right_foot,0.023427907068340692,0.3968471169918881,0.004396791503607431,0.0704073884505171,2,-0.0006032084963925695,0.15901786220959208,3.6519999999998194,212.30298343710442,0.0018404808525012742,True
original,left_foot,0.02349694001271224,0.3982466056869552,0.00452411359375765,0.07083905435242303,2,-0.0004758864062423497,0.1773412754948443,3.655999999999819,118.88018156088637,0.003805171834959714,True
original,right_foot,0.02382300794189319,0.40188684198694047,0.004386457767736579,0.07121213929857409,2,-0.0006135422322634211,0.16028788728134713,3.655999999999819,213.65678333806568,0.001897128700552205,True
original,left_foot,0.023931292647146257,0.40383290356867235,0.0045213233193164,0.0717398703867702,2,-0.0004786766806835997,0.17881007474901153,3.6599999999998185,117.64359757939233,0.004201199700647419,True
original,right_foot,0.024223454977943225,0.406964802416231,0.004376634796819087,0.07202152380522929,2,-0.0006233652031809129,0.16156960025631706,3.6599999999998185,214.91410672955155,0.0019051632098788832,True
original,left_foot,0.02437132665261087,0.4094616512181552,0.004519104769679455,0.07264631825210459,2,-0.00048089523032054503,0.1801998061777739,3.663999999999818,116.34219137607555,0.004444145431049678,True
original,right_foot,0.024629455621397997,0.4120835780605934,0.004367359153789996,0.0728357043794668,2,-0.0006326408462100043,0.1629242645090531,3.663999999999818,216.22677515110763,0.0020288816992650154,True
original,left_foot,0.024817470973539764,0.41513589881496016,0.0045176713762465764,0.07355796783522198,1,-0.00048232862375342366,0.18166476214565416,3.6679999999998176,114.83068687228007,0.004527083568767517,True
original,right_foot,0.025041108665447124,0.4172429688010429,0.004358442046836802,0.07365477714820474,2,-0.0006415579531631977,0.16426614790765665,3.6679999999998176,217.27898885843723,0.0019171599837609537,True
original,left_foot,0.025269105424696806,0.4208421089928329,0.004516814052016427,0.07447529246975637,1,-0.0004831859479835733,0.18297166232125706,3.671999999999817,114.04653813686181,0.005161184700295264,True
original,right_foot,0.02545865822961762,0.4224469197657211,0.004350093961328308,0.07447888221235817,2,-0.0006499060386716922,0.1657148792848486,3.671999999999817,218.53214164659,0.002143260495127929,True
original,left_foot,0.025729183528609863,0.42667705447137766,0.004516693190658172,0.07539365147794383,1,-0.0004833068093418281,0.18478468897654132,3.6759999999998167,112.66726596626913,0.004861813029580231,True
original,right_foot,0.02588169095415858,0.4276867246603912,0.004341733884084903,0.0753074474615831,2,-0.0006582661159150972,0.1668586865966863,3.6759999999998167,219.1071339101771,0.0027409120708514513,True
original,left_foot,0.02619434721365848,0.43224057127125876,0.004518038553691539,0.07631720519835887,1,-0.00048196144630846104,0.18405128689064532,3.6799999999998163,107.77288920600272,0.0074149800584937895,True
original,right_foot,0.026314361286267053,0.43301844197170003,0.004334096367680437,0.07614725474963456,2,-0.000665903632319549,0.17031007381599808,3.6799999999998163,223.78427854910694,0.015851434346884054,True
original,left_foot,0.02667674799630902,0.4392605176368956,0.0045211632796704065,0.07717662870204606,2,-0.00047883672032960744,0.18856495760814887,3.683999999999816,131.6728212107226,0.039109188536976515,True
original,right_foot,0.02675509468040625,0.4381487285034264,0.004324413853858192,0.07699189613443022,2,-0.0006755861461418084,0.16987847623985802,3.683999999999816,216.35484001983505,0.00913711962331584,True
original,left_foot,0.0271361745159416,0.44587591279592986,0.004534325396838693,0.07798481143800945,2,-0.0004656746031613075,0.17360201988334656,3.6879999999998154,60.58353909774419,0.02177911440994355,True
original,right_foot,0.027211394081761417,0.4435002015388846,0.004322416305844359,0.07784836552179444,2,-0.0006775836941556408,0.1775707439010306,3.6879999999998154,249.80015244677827,0.002243983418006061,True
original,left_foot,0.027591828004463807,0.4519623920373643,0.004547266265929745,0.07881105331739162,2,-0.0004527337340702554,0.1766171992485187,3.691999999999815,107.74959573256825,0.007905969293973438,True
original,right_foot,0.02765891452336462,0.4488645532326687,0.004318337685319348,0.07870724260530876,2,-0.0006816623146806517,0.1723436222620729,3.691999999999815,220.90625982319105,0.004071132944633372,True
original,left_foot,0.028057370834565037,0.45779933133547823,0.004536581118424407,0.07969214492222132,2,-0.00046341888157560695,0.18011870751258469,3.6959999999998145,105.86453558582338,0.008280427712471698,True
original,right_foot,0.02811610323145189,0.45438470107052004,0.004315032775567579,0.079574879853181,2,-0.0006849672244324213,0.1775210224164965,3.6959999999998145,243.65436056777367,0.007048669406514524,True
original,left_foot,0.028539835406120966,0.4635104896487639,0.0045606177028784944,0.0805727671914922,2,-0.00043938229712150566,0.1860930027482091,3.699999999999814,116.57863541837276,0.006660339047169633,True
original,right_foot,0.02858599856166176,0.46006146189490044,0.004309160403226903,0.08046039160805961,1,-0.0006908395967730975,0.1812170426520666,3.699999999999814,231.98824328232763,0.005211772221396201,True
original,left_foot,0.029032035554267525,0.4693141069855407,0.004563652354392683,0.08151015678416641,2,-0.00043634764560731686,0.19185756806244117,3.7039999999998137,119.55424426331368,0.005456656677609179,True
original,right_foot,0.029078905396816578,0.46591126215506035,0.004301609327358569,0.08134097768917797,2,-0.0006983906726414314,0.18547012019946799,3.7039999999998137,231.94131250125542,0.0032325030217533997,True
original,left_foot,0.02954377898351226,0.47536969434772064,0.004568671946806144,0.08248081167092151,2,-0.00043132805319385636,0.19855878122682424,3.7079999999998132,120.3019156367279,0.015236033854409936,True
original,right_foot,0.029557157047038568,0.47171081752392,0.00429494897350062,0.0822316394096437,1,-0.0007050510264993799,0.18156287643243801,3.7079999999998132,220.14176288043228,0.005458049297121183,True
original,left_foot,0.03005839610628707,0.4815112441559355,0.0045744844105333055,0.08347307252434409,2,-0.00042551558946669465,0.20272134186084062,3.711999999999813,113.58483126426901,0.007658003423259878,True
original,right_foot,0.030074587818273574,0.4776278940491553,0.004285591435462449,0.08313669063952776,1,-0.0007144085645375648,0.19589616932126258,3.711999999999813,238.25082753801382,0.0036724171200259443,True
original,left_foot,0.030598907963348115,0.4879428095824039,0.004586277189158244,0.0844911698711737,2,-0.00041372281084175577,0.20959867980137017,3.7159999999998123,126.46382949080467,0.015574783939696621,True
original,right_foot,0.030573071539249982,0.4836882627201029,0.004278202202644535,0.08404646224560526,1,-0.0007217977973554652,0.18666021611115852,3.7159999999998123,210.9658892197019,0.005227078387292857,True
original,left_foot,0.031138399329192525,0.49435726944442193,0.00459722364663874,0.08551147648789942,2,-0.00040277635336126005,0.20774343643323417,3.719999999999812,103.57060894167573,0.005233911364882607,True
original,right_foot,0.031107237475040177,0.4896192788473759,0.004269529730638627,0.08500654325923612,1,-0.000730470269361373,0.2011705331401633,3.719999999999812,246.22305093155262,0.04255403849058819,True
original,left_foot,0.03170074960805683,0.5008081891853821,0.004602148682739435,0.08656484580351664,2,-0.0003978513172605653,0.21629610135951266,3.7239999999998115,112.0248811498918,0.010921741234053076,True
original,right_foot,0.03168044411256076,0.49709862245190245,0.004291393561905429,0.08586083128454922,2,-0.0007086064380945707,0.2083081529359603,3.7239999999998115,245.3833567587101,0.006450489961765011,True
original,left_foot,0.0322843753469077,0.5074383605168089,0.004618997518992141,0.08762329757741787,1,-0.0003810024810078595,0.22035017045070035,3.727999999999811,64.08324403744005,0.00508096800515855,True
original,right_foot,0.03225139945789032,0.503635672226404,0.004322103498860919,0.08672465840444447,2,-0.0006778965011390815,0.20338358056032277,3.727999999999811,253.93097449024847,0.0031686980169358513,True
original,left_foot,0.03289355272674544,0.5142629652883737,0.004632414798193263,0.08870651375623816,1,-0.00036758520180673725,0.226639766339995,3.7319999999998106,103.25518447400806,0.007996206482182161,True
original,right_foot,0.032818268742740166,0.5099120341628068,0.004333908823104457,0.08762621401449752,2,-0.0006660911768955431,0.20086133116855287,3.7319999999998106,240.51732421429105,0.0004544006216388061,True
original,left_foot,0.03353951635321102,0.5216598430663951,0.004639780966496185,0.08979442952953016,1,-0.00036021903350381534,0.2346445765657975,3.73599999999981,98.05613686590578,0.007409490902287218,True
original,right_foot,0.03339430796702302,0.5163206147026076,0.004332592265628155,0.08857594938985149,2,-0.0006674077343718455,0.20561284169472635,3.73599999999981,247.75993473269236,0.002038897232028695,True
original,left_foot,0.03421099722310565,0.5291183253144084,0.0046411260484453265,0.09090222232764332,1,-0.0003588739515546736,0.23984159133019511,3.7399999999998097,110.63685942081912,0.006920731422317994,True
original,right_foot,0.03398997608015648,0.5229603811197246,0.0043243089415580666,0.08957708759528103,2,-0.0006756910584419335,0.21387869875113893,3.7399999999998097,239.87481321898625,0.018916878292277017,True
original,left_foot,0.03489140556526541,0.5370422950910837,0.004637177971067871,0.09204452357489575,1,-0.0003628220289321289,0.24394661249771799,3.7439999999998093,116.73337931526041,0.00840755483329937,True
original,right_foot,0.034603822897661445,0.5295471312302846,0.004315833197657146,0.09060554572619116,2,-0.0006841668023428544,0.21833511024270263,3.7439999999998093,230.89229889224703,0.005630745355510212,True
original,left_foot,0.035608180220354814,0.5452312433373657,0.004627766889155768,0.09323539315387404,1,-0.0003722331108442318,0.255941587791484,3.747999999999809,131.4724464463465,0.009420828745404008,True
original,right_foot,0.035231260815144966,0.5363028107296982,0.00431843228701613,0.09164359230419693,2,-0.00068156771298387,0.2224523872621365,3.747999999999809,222.72903309225325,0.002694615969479461,True
original,left_foot,0.03636793435270117,0.553519395786368,0.004615906875712686,0.09447585428142387,1,-0.00038409312428731423,0.26766587873981074,3.7519999999998084,129.02121172576958,0.009289449932807595,True
original,right_foot,0.035873355168036185,0.5433063521137002,0.004320697287148331,0.09271060163520678,2,-0.0006793027128516689,0.22815501841940036,3.7519999999998084,225.92378966236623,0.009044486812915005,True
original,left_foot,0.03714285522370449,0.562347728919547,0.004605685102921919,0.09575496691170356,1,-0.00039431489707808087,0.27338289203814437,3.755999999999808,121.75382480148309,0.010735822843767697,True
original,right_foot,0.036548542737208305,0.5506247496418558,0.0043226798720940734,0.09381600744901139,2,-0.0006773201279059267,0.23983035418809373,3.755999999999808,235.3287158021301,0.006238067226120702,True
original,left_foot,0.03795987238488202,0.5714584468178406,0.004595097713753174,0.09708265302950171,1,-0.0004049022862468261,0.2867112225151405,3.7599999999998075,140.0575312350268,0.011480851941712897,True
original,right_foot,0.03725077325177142,0.5582691400075808,0.004324598551027223,0.09496469730373788,2,-0.0006754014489727773,0.2473730976852924,3.7599999999998075,220.67121727003297,0.006170698300914134,True
original,left_foot,0.03882168749314472,0.5806583697835745,0.004587394378677376,0.09845835244352893,1,-0.00041260562132262434,0.29840266718158737,3.763999999999807,126.88573258299114,0.011409182310379757,True
original,right_foot,0.03799720567395883,0.5664042193696873,0.0043247289266088035,0.09617567556084333,2,-0.0006752710733911966,0.2632314399814163,3.763999999999807,240.77343569466095,0.01360493997200648,True
original,left_foot,0.039714282760276665,0.5908447467496435,0.004586465475847498,0.0998433808167864,1,-0.0004135345241525019,0.3060306039409686,3.7679999999998066,111.74064663460544,0.012215341086780665,True
original,right_foot,0.03880469080648037,0.5749707566431068,0.004323568280784951,0.09745882240527118,1,-0.0006764317192150494,0.2820617357499465,3.7679999999998066,244.63169183289176,0.010154201085074662,True
original,left_foot,0.04066348373030563,0.6014874425475477,0.0045852358369085355,0.10127761395386416,1,-0.00041476416309146457,0.3240284074079619,3.771999999999806,147.32369311757725,0.012531950899131571,True
original,right_foot,0.039647843308741326,0.5842505666573997,0.004324648951250787,0.09880043062024318,1,-0.0006753510487492132,0.29249403073645647,3.771999999999806,216.21858829948923,0.011744106281212537,True
original,left_foot,0.04165751065475451,0.6122142314126449,0.004589499291585045,0.10276121507298829,1,-0.00041050070841495544,0.3348278246400247,3.7759999999998057,113.56933706525696,0.012297803361174163,True
original,right_foot,0.040567018611426905,0.5943401698330553,0.004322958711388547,0.10024013850615913,1,-0.0006770412886114531,0.3196996945316478,3.7759999999998057,264.4367865096463,0.01313701332009644,True
original,left_foot,0.04269333457765206,0.6230646237928412,0.004599819229064661,0.10429091231612933,1,-0.000400180770935339,0.34666211985523815,3.7799999999998053,112.29976794607985,0.011766757163122433,True
original,right_foot,0.04156890664175957,0.6052097893926662,0.00432073026647449,0.10178615457163052,1,-0.0006792697335254961,0.34397535401148943,3.7799999999998053,260.8847515038666,0.01472630026796991,True
original,left_foot,0.04376477197225626,0.6343987069567544,0.004614449432910131,0.10586686845084445,1,-0.0003855505670898691,0.3561124888245775,3.783999999999805,112.2167585463155,0.011834109146698812,True
original,right_foot,0.04266136119562679,0.6166247498025313,0.004321028302099336,0.10343305806032274,1,-0.0006789716979006778,0.37048635271800767,3.783999999999805,259.65935534757097,0.015224466039934971,True
original,left_foot,0.04489432159588607,0.646099631302997,0.00463049836549341,0.10750070361523471,1,-0.00036950163450659,0.37348250396823096,3.7879999999998044,121.68532026180912,0.010783504414089443,True
original,right_foot,0.04382658523575341,0.6295058254329409,0.004328904298528613,0.10511915810347008,1,-0.0006710957014713871,0.3883339499777615,3.7879999999998044,231.3401015385966,0.017813603475663128,True
original,left_foot,0.04604781148654081,0.6581229525937523,0.004657176429873011,0.10916943309650091,1,-0.00034282357012698893,0.37799845707238683,3.791999999999804,71.15995060104409,0.01106437520860989,True
original,right_foot,0.045111384405151084,0.6432120059021167,0.004335484394533018,0.10691757570214999,2,-0.0006645156054669822,0.4273003174209701,3.791999999999804,305.3375508236678,0.017601043057584604,True
original,left_foot,0.04724716340910736,0.6704205622980738,0.004688570404878578,0.11088196991209424,1,-0.000311429595121422,0.39246202105345945,3.7959999999998035,93.2677690732836,0.011456195050161622,True
original,right_foot,0.04649084972365284,0.6575160721922789,0.0043470874536922915,0.108840910388628,2,-0.0006529125463077086,0.45053728443511715,3.7959999999998035,274.1798162341904,0.019985132775263023,True
original,left_foot,0.04850876682711622,0.6830157899545676,0.00472054553789078,0.11264805109982702,1,-0.00027945446210922,0.40843637036039787,3.799999999999803,96.68226329103426,0.011874165327720962,True
original,right_foot,0.047963347372545734,0.6726238969951966,0.00436634963541753,0.11089136404143705,2,-0.0006336503645824705,0.4792017022539526,3.799999999999803,275.62231580874186,0.020369806895481617,True
original,left_foot,0.04983992181847703,0.69614241546505,0.004754375269738695,0.11445351714466714,1,-0.00024562473026130526,0.4249211084190752,3.8039999999998027,87.64003763953096,0.011691557004157966,True
original,right_foot,0.049547089039792915,0.6888639358744569,0.004391501919045027,0.1130817759752851,1,-0.0006084980809549735,0.513198653253495,3.8039999999998027,280.4186254557387,0.02524593260009092,True
original,left_foot,0.05122605241406478,0.7098340533754155,0.00479077225207121,0.1163062752422995,1,-0.00020922774792879028,0.43844277970727114,3.807999999999802,83.7842165045438,0.012012069066653943,True
original,right_foot,0.051275125682326415,0.7064629440582024,0.004418632980384765,0.11542899098811038,1,-0.000581367019615235,0.5559565540129239,3.807999999999802,293.95387076833583,0.0293249277307236,True
original,left_foot,0.05267798623924795,0.7239564815381985,0.004828450165522191,0.11821706616428626,1,-0.0001715498344778089,0.4564528896194559,3.8119999999998018,87.55589018780523,0.012690846970428904,True
original,right_foot,0.05314681356521169,0.725705085344946,0.004451462984267934,0.1179283012548951,1,-0.0005485370157320658,0.5955122148342781,3.8119999999998018,284.44537707663085,0.03539340679055275,True
original,left_foot,0.054177996902656324,0.7385344921801075,0.0048726176100219315,0.12017376179648215,1,-0.0001273823899780686,0.46877147086405435,3.8159999999998013,62.292879840626654,0.014502877369040478,True
original,right_foot,0.05521382020099511,0.7466157241978683,0.004486945051662722,0.12061558059338304,1,-0.0005130549483372783,0.6522096873832315,3.8159999999998013,319.51779113910425,0.04046694868148546,True
original,left_foot,0.05574460662589442,0.7536740802514518,0.004922568443926564,0.12216705190442943,1,-7.743155607343576e-05,0.4856467318666505,3.819999999999801,62.230306853254774,0.015888103232702715,True
original,right_foot,0.057468422344132436,0.7694958463177751,0.004529914367758667,0.12348134241900414,1,-0.00047008563224133337,0.7007317584173725,3.819999999999801,304.17515735788123,0.04725127201656029,True
original,left_foot,0.05736853472054405,0.7691322519554022,0.004978276628965203,0.12419569796342102,1,-2.172337103479704e-05,0.4983337874820654,3.8239999999998004,52.57515725200493,0.0,False
original,right_foot,0.0599639091381205,0.7944927000646127,0.004579704426751027,0.12656360314255952,1,-0.0004202955732489728,0.7692039577947665,3.8239999999998004,329.6339068039726,0.05433617198905935,True
original,left_foot,0.05907857452246397,0.7857951211303098,0.004955118917542828,0.12625800220241548,1,-4.4881082457172254e-05,0.5150431055998446,3.8279999999998,53.71418025916947,0.038867311064608674,True
original,right_foot,0.06273869027383921,0.8217728340959669,0.004640320743875992,0.12988032508644282,1,-0.0003596792561240082,0.8428870768098143,3.8279999999998,331.1022315385767,0.06089873342381407,True
original,left_foot,0.060861929509075895,0.8032547084637199,0.004904181872580474,0.1283422703588753,1,-9.581812741952644e-05,0.5259219381147026,3.8319999999997996,49.279120597473394,0.0324241207663725,True
original,right_foot,0.06580605480154494,0.8513607723275635,0.00471841467064002,0.13341503131863602,1,-0.00028158532935998026,0.9165995951820887,3.8319999999997996,323.4081900761653,0.06744122788063671,True
original,left_foot,0.06269244183010998,0.8206536203475887,0.004904774576272822,0.130449659647737,1,-9.522542372717834e-05,0.5394368254302306,3.835999999999799,53.57660017081591,0.029315996551211247,True
original,right_foot,0.0691867368358041,0.8832929160893924,0.00481950538256401,0.13715170876255692,1,-0.00018049461743599015,0.9943849235239676,3.835999999999799,316.60144608218184,0.07382625819869565,True
original,left_foot,0.06458103376722328,0.8382754855304501,0.004940374671813977,0.13257402887242348,1,-5.962532818602328e-05,0.5529792322053896,3.8399999999997987,45.1275520357719,0.028961301376349453,True
original,right_foot,0.07290518657872565,0.9178091415141755,0.004948676335652685,0.14106431333411767,1,-5.132366434731483e-05,1.0751303316554865,3.8399999999997987,310.39652915722127,0.0,False
original,left_foot,0.06653451239887835,0.8562480276454668,0.005000759021255158,0.13471233049173603,0,,0.5681336737588548,3.8439999999997982,0.0,0.06143105232437468,True
original,right_foot,0.07706982221360234,0.9608441233011464,0.004625681174615676,0.14534451752203636,1,-0.0003743188253843245,1.1658873481743455,3.8439999999997982,380.87786112045296,0.28911288083647596,True
original,left_foot,0.06868496020036326,0.8770002560427415,0.004832694631335052,0.13694209380198843,1,-0.00016730536866494793,0.6047047831770785,3.847999999999798,88.59781516622135,0.0418320304574106,True
original,right_foot,0.08148200647137455,1.0092364454787284,0.004245624140846935,0.14959032625304097,1,-0.0007543758591530515,1.1879389138969416,3.847999999999798,234.68228592665326,0.20650329481298452,True
original,left_foot,0.07081629335754451,0.8965600766921219,0.004795097340045351,0.13911793038055756,1,-0.00020490265995464895,0.5933135517097264,3.8519999999997974,15.390200370161926,0.05944659325061084,True
original,right_foot,0.0863083122429637,1.0574115777562405,0.004245178927948318,0.1538410282971841,1,-0.0007548210720516825,1.3206443922196025,3.8519999999997974,72.24934819666282,0.06726955561587925,True
original,left_foot,0.072924266030202,0.9145166230041468,0.004899333179540041,0.14118844919008317,1,-0.00010066682045995878,0.5918270573188769,3.855999999999797,13.691188249220174,0.04679312703231803,True
original,right_foot,0.0907471803902449,1.0949957742506358,0.004618817466410352,0.15754138523156724,1,-0.00038118253358964804,1.1460306690249742,3.855999999999797,66.4462038942672,0.19697123433896271,True
original,left_foot,0.07517741948278658,0.9335851374214553,0.0050182745699827586,0.1433090402671191,0,,0.6358438700990091,3.8599999999997965,0.0,0.15240376663441282,True
original,right_foot,0.09449284752639137,1.1212822919037337,0.005383779029048602,0.16043112575859708,0,,0.9759557616750877,3.8599999999997965,0.0,0.0,False
original,left_foot,0.07773682191234892,0.9599924619058753,0.004675927842632779,0.14575563939223424,1,-0.0003240721573672207,0.6990929059115322,3.863999999999796,182.75775116571043,0.1124016929531207,True
original,right_foot,0.0981867467624104,1.1375824148951217,0.006009611734002343,0.16229495289876444,0,,0.9681575673429432,3.863999999999796,0.0,0.0,False
original,left_foot,0.08056035251475391,0.988257080495294,0.0045151883533701,0.14826705266231877,1,-0.0004848116466298997,0.7733823929881689,3.8679999999997956,174.37536495495192,0.087787406416885,True
original,right_foot,0.10206262466188228,1.145841262507944,0.0062574585834205,0.16314613175009737,0,,0.9902619421982661,3.8679999999997956,0.0,0.0,False
original,left_foot,0.08369239061401872,1.0180628551863935,0.0044851735426764405,0.15091562639992182,1,-0.0005148264573235596,0.8576919431628355,3.871999999999795,211.86811225617907,0.07480890138566032,True
original,right_foot,0.1062173734786529,1.1476551932662555,0.006054202466387978,0.16305567845896785,0,,1.066092372931469,3.871999999999795,0.0,0.0,False
original,left_foot,0.08719211695839064,1.0497868173416636,0.004550393740126557,0.15373880960171998,1,-0.00044960625987344304,0.9559006033858953,3.8759999999997947,224.18906301832766,0.0109587844139972,True
original,right_foot,0.1107100380380222,1.1442440706947996,0.00537475522759355,0.1620978609395258,0,,1.1704724709841277,3.8759999999997947,0.0,1.176029338771086,True
original,left_foot,0.0908932439720128,1.0813586604444967,0.004765534819946057,0.1565828661689289,1,-0.00023446518005394278,0.9505568005336817,3.8799999999997943,42.34391385724081,0.11139795962555223,True
original,right_foot,0.11512974228453042,1.1385147064618353,0.0045168297165926186,0.16079303992625035,1,-0.00048317028340738154,1.0441867202188897,3.8799999999997943,113.90429942798959,0.8058044865054806,True
original,left_foot,0.09409796727108578,1.1041409562074138,0.005269881725687264,0.15894822689537108,0,,0.8299297921824127,3.883999999999794,0.0,0.0,False
original,right_foot,0.11843355947004017,1.1359586074011807,0.004162125332963992,0.16029004911053527,1,-0.0008378746670360078,0.7704241806942402,3.883999999999794,86.70228561984025,0.5743605455862735,True
original,left_foot,0.09738275837809217,1.1184094420703088,0.005549177711660386,0.16040326020181167,0,,0.8494881927353701,3.8879999999997934,0.0,0.0,False
original,right_foot,0.12090601828736718,1.135500896946833,0.0041318912574503375,0.1602350247718845,1,-0.0008681087425496626,0.573624153565615,3.8879999999997934,74.35331970031606,0.3718019786875775,True
original,left_foot,0.10094904308419539,1.1253448705376,0.00539933015765956,0.16086293922789036,0,,0.909575702938123,3.891999999999793,0.0,0.0,False
original,right_foot,0.12279985577040521,1.136550458040521,0.004194031707158485,0.16044247186817434,1,-0.0008059682928415147,0.4465752526472588,3.891999999999793,92.5170783524739,0.27619571801828596,True
original,left_foot,0.10479146764491189,1.1265500321121615,0.004827803442145118,0.1604784587417167,1,-0.0001721965578548824,0.9906019926366892,3.8959999999997925,99.45095545490994,0.7171838088493028,True
original,right_foot,0.12421624434235504,1.1386939312699444,0.004331427049599351,0.16069112806688324,1,-0.0006685729504006489,0.32959074492923796,3.8959999999997925,88.85331149386009,0.17419362585663228,True
original,left_foot,0.10796849961625547,1.1273008401932183,0.004537813838631596,0.16026191536354017,1,-0.00046218616136840373,0.7402854267423056,3.899999999999792,75.53978501490468,0.4655437093533783,True
original,right_foot,0.12542145279745098,1.14174888568003,0.004445674421690346,0.16103402850905785,1,-0.0005543255783096541,0.2997578062597133,3.899999999999792,195.7690350565294,0.11496567764531691,True
original,left_foot,0.11044263140008873,1.1291879541310452,0.004431898156674927,0.16041996605133496,1,-0.0005681018433250735,0.5850522657859666,3.9039999999997916,105.60530417850313,0.3495906421109521,True
original,right_foot,0.12643286356834915,1.1453540889059994,0.004524387570541424,0.16140461389762648,1,-0.00047561242945857573,0.24468626869359011,3.9039999999997916,133.8235611807144,0.07555234874516951,True
original,left_foot,0.11234021584626072,1.1318318044137168,0.004468049275405742,0.16069858859445232,1,-0.0005319507245942585,0.4430025632232881,3.907999999999791,74.79062905166472,0.22524301321529303,True
original,right_foot,0.12728767533427462,1.149189516587336,0.004573970508633077,0.16177001177181755,1,-0.00042602949136692336,0.2107315478550556,3.907999999999791,145.8648115806921,0.05065639867822144,True
original,left_foot,0.11385003907734609,1.1349235348376716,0.004525485942935309,0.16106774369241017,1,-0.0004745140570646912,0.36423811685759094,3.9119999999997908,108.37204440497068,0.1807896233313579,True
original,right_foot,0.12802122381278416,1.153255268006322,0.004595515053096327,0.16210671239407248,1,-0.00040448494690367275,0.18020415203212398,3.9119999999997908,164.92429003951747,0.029871355958075073,True
original,left_foot,0.11502705947313065,1.1380842481730125,0.004624426256289588,0.16140714201732398,1,-0.0003755737437104124,0.2779011038331428,3.9159999999997903,67.27225463686189,0.11574305850954693,True
original,right_foot,0.12874777250479919,1.1575645816020967,0.004585832971014059,0.16247058429989555,1,-0.00041416702898594126,0.19054880386780676,3.9159999999997903,219.63484712377317,0.028639261174213664,True
original,left_foot,0.11605686442461913,1.1411594250881114,0.004699051057132697,0.1617810672555257,1,-0.000300948942867303,0.26000897396156447,3.91999999999979,115.70712169156151,0.08614407202490723,True
original,right_foot,0.12929861814650834,1.162246614239566,0.004564768494268498,0.1626916972251272,1,-0.00043523150573150215,0.127544419422579,3.91999999999979,154.5329425202463,0.012286042383927972,True
original,left_foot,0.11690421312997668,1.1440782849694386,0.004757782473554281,0.16211181125756863,1,-0.00024221752644571892,0.20250762633281896,3.9239999999997894,57.176412256594155,0.060232585643243776,True
original,right_foot,0.12991352843342577,1.167226691714228,0.004517341322544194,0.16295404702501645,1,-0.00048265867745580626,0.1655475796958886,3.9239999999997894,291.4660372137275,0.006182418565508398,True
damping_20,left_foot,0.00015059210412040274,0.0021006593521837795,0.004619106597409054,0.004767627301951575,4,-0.0003704114239990895,6.224042417518322e-05,2.9039999999999018,162.52947424298623,0.00012848901984093794,True
damping_20,right_foot,0.00030087899858838063,0.0018504599179329367,0.00459032425309433,0.0047389183710743014,4,-0.0004004926322098345,6.419322827324746e-05,2.9039999999999018,181.93039731296238,9.829945185117875e-05,True
damping_20,left_foot,0.0001508158393144304,0.00210083987396024,0.004619062498991716,0.0047676828009001505,4,-0.00037045478866656444,6.190745492153412e-05,2.9079999999999013,162.52633219975831,0.00012813612612650024,True
damping_20,right_foot,0.0003011156908973866,0.001850495092029502,0.004590281798816483,0.004738956656707885,4,-0.0004005352068698091,6.424214322267446e-05,2.9079999999999013,181.9334103789102,9.824808211421918e-05,True
damping_20,left_foot,0.00015103863734144938,0.0021010235967895336,0.004619018294538858,0.004767738566902307,4,-0.00037049824434984193,6.157641603799261e-05,2.911999999999901,162.52315480395117,0.00012778534038360094,True
damping_20,right_foot,0.00030135221778839567,0.0018505329606920955,0.0045902390957492,0.004738995101324826,4,-0.00040057801833749945,6.429245047359937e-05,2.911999999999901,181.93645991720263,9.819784867551488e-05,True
damping_20,left_foot,0.00015126049751459922,0.0021012105916773873,0.004618973981832714,0.0047677946000367726,4,-0.0003705417929105127,6.124729045410551e-05,2.9159999999999004,162.5199428968553,0.00012743664910825676,True
damping_20,right_foot,0.0003015885861178588,0.0018505736007663252,0.0045901961448653154,0.004739033707088346,4,-0.00040062106524487145,6.434409937530134e-05,2.9159999999999004,181.93954507265366,9.814873400289862e-05,True
damping_20,left_foot,0.00015148141926658922,0.002101400927773986,0.004618929558760521,0.004767850900266251,4,-0.00037058543611417135,6.092006171124091e-05,2.9199999999999,162.51669730415298,0.00012709003906686718,True
damping_20,right_foot,0.0003018248026208362,0.0018506170871439155,0.004590152947232983,0.004739072476033633,4,-0.00040066434613785906,6.439704084907373e-05,2.9199999999999,181.94266500599718,9.810072073363453e-05,True
damping_20,left_foot,0.00015170140214690176,0.0021015946724454644,0.004618885023317091,0.004767907467447131,4,-0.00037062917562749164,6.05947139280464e-05,2.9239999999998996,162.51341883519984,0.00012674549727863393,True
damping_20,right_foot,0.00030206087391445577,0.0018506634928393585,0.004590109504004843,0.004739111410069014,4,-0.00040070785948682474,6.445122733806562e-05,2.9239999999998996,181.94581889466969,9.805379170186764e-05,True
damping_20,left_foot,0.0001519204458189825,0.002101791891340562,0.004618840373600809,0.0047679643013323406,4,-0.0003706730130218659,6.027123176669367e-05,2.927999999999899,162.51010828330396,0.00012640301099994678,True
damping_20,right_foot,0.0003022968065014702,0.001850712889060342,0.0045900658164088615,0.004739150510977765,4,-0.0004007516036953892,6.450661275176569e-05,2.927999999999899,181.94900593272052,9.80079299609295e-05,True
damping_20,left_foot,0.00015213855005717365,0.002101992648452345,0.004618795607816192,0.004768021401580672,4,-0.0003707169497705635,5.9949600403951916e-05,2.9319999999998987,162.5067664258497,0.00012606256771147587,True
damping_20,right_foot,0.00030253260677269155,0.0018507653452730132,0.004590021885746531,0.004739189780426763,4,-0.0004007955771019268,6.456315241320585e-05,2.9319999999998987,181.95222533025964,9.796311879979679e-05,True
damping_20,left_foot,0.0001523557147437395,0.0021021970061752522,0.004618750724270572,0.004768078767760052,4,-0.00037076098725177375,5.962980550430879e-05,2.9359999999998982,162.50339402438402,0.0001257241551074265,True
damping_20,right_foot,0.00030276828101048634,0.001850820929261461,0.004589977713382546,0.004739229219965908,4,-0.0004008397779896094,6.462080300276899e-05,2.9359999999998982,181.95547631370496,9.791934175666948e-05,True
damping_20,left_foot,0.00015257193986653968,0.0021024050253575974,0.004618705721374097,0.004768136399353938,4,-0.00037080512674830726,5.931183319661457e-05,2.939999999999898,162.49999182489285,0.00012538776108408673,True
damping_20,right_foot,0.00030300383539139244,0.001850879707182373,0.004589933300741568,0.004739268831033889,4,-0.0004008842045893869,6.467952250358878e-05,2.939999999999898,181.9587581253201,9.787658262908996e-05,True
damping_20,left_foot,0.00015278722551575552,0.002102616765349854,0.004618660597636975,0.004768194295764836,4,-0.0003708493694501462,5.8995670050100264e-05,2.9439999999998974,162.49656055814654,0.00012505337373199966,True
damping_20,right_foot,0.0003032392759886519,0.0018509417436149375,0.004589888649301835,0.004739308614960337,4,-0.00040092885508613476,6.473927014775687e-05,2.9439999999998974,181.96207002297587,9.783482548026348e-05,True
damping_20,left_foot,0.0001530015718817506,0.002102832284048718,0.004618615351669811,0.004768252456320676,4,-0.0003708937164538821,5.8681303056351366e-05,2.947999999999897,162.4931009400342,0.00012472098132748825,True
damping_20,right_foot,0.00030347460877492243,0.0018510071016061037,0.004589843760593432,0.004739348572971959,4,-0.0004009737276201809,6.480000636002967e-05,2.947999999999897,181.96541127956226,9.779405464261349e-05,True
damping_20,left_foot,0.00015321497925228125,0.002103051637937255,0.004618569982178362,0.004768310880275441,4,-0.0003709381687677536,5.8368719609892346e-05,2.9519999999998965,162.48961367196142,0.00012439057232565236,True
damping_20,right_foot,0.00030370983962458756,0.001851075842711736,0.004589798636189229,0.004739388706190808,4,-0.00040101882029617685,6.48616927083027e-05,2.9519999999998965,181.96878118305946,9.775425471966996e-05,True
damping_20,left_foot,0.00015342744801011686,0.0021032748821214124,0.004618524487964404,0.0047683695668157555,4,-0.0003709827273106021,5.805790749174016e-05,2.955999999999896,162.48609944137536,0.00012406213535482664,True
damping_20,right_foot,0.00030394497431618313,0.0018511480270338133,0.004589753277706842,0.004739429015643181,4,-0.0004010641311809572,6.49242918478113e-05,2.955999999999896,181.9721790354804,9.771541058446714e-05,True
damping_20,left_foot,0.00015363897863076927,0.0021035020703629834,0.0046184788679231835,0.004768428515063747,4,-0.0003710273929142796,5.774885485383518e-05,2.9599999999998956,162.48255892203738,0.0001237356592103599,True
damping_20,right_foot,0.0003041800185343267,0.0018512237132540443,0.004589707686802769,0.004739469502260018,4,-0.0004011096583092606,6.498776747462254e-05,2.9599999999998956,181.9756041528189,9.767750737789968e-05,True
damping_20,left_foot,0.00015384957168003955,0.002103733255109533,0.004618433121039364,0.004768487724078431,4,-0.00037107216632751346,5.7441550206842057e-05,2.963999999999895,162.47899277471168,0.0001234111328504147,True
damping_20,right_foot,0.0003044149778716845,0.001851302958664123,0.004589661865168949,0.004739510166879464,4,-0.00040115539968702246,6.505208427646248e-05,2.963999999999895,181.9790558644716,9.764053050309155e-05,True
damping_20,left_foot,0.0001540592278120323,0.0021039684875211765,0.004618387246386808,0.0047685471928604894,4,-0.00037111704821605595,5.713598240608312e-05,2.9679999999998947,162.47540164738683,0.00012308854539081528,True
damping_20,right_foot,0.0003046498578310761,0.0018513858191929501,0.0045896158145309375,0.004739551010250531,4,-0.0004012013532930679,6.511720788528064e-05,2.9679999999998947,181.9825335128387,9.760446562086024e-05,True
damping_20,left_foot,0.00015426794776684136,0.0021042078174946816,0.004618341243125174,0.004768606920353902,4,-0.00037116203916590356,5.683214064013302e-05,2.9719999999998943,162.47178617601725,0.000122767886100613,True
damping_20,right_foot,0.0003048846638269302,0.0018514723494310378,0.004589569536646694,0.004739592033037046,4,-0.0004012475170802462,6.518310483278667e-05,2.9719999999998943,181.98603645255847,9.756929864286973e-05,True
damping_20,left_foot,0.00015447573236874245,0.0021044512936850843,0.004618295110497609,0.004768666905448346,4,-0.0003712071396855523,5.6530014421837235e-05,2.975999999999894,162.4681469851639,0.00012244914440116304,True
damping_20,right_foot,0.0003051194011872988,0.001851562602652375,0.004589523033305717,0.004739633235821505,4,-0.0004012938889761666,6.524974251165744e-05,2.975999999999894,181.9895640498875,9.753501572248323e-05,True
damping_20,left_foot,0.00015468258252423678,0.0021046989635248132,0.0046182488478290935,0.004768727146982163,4,-0.0003712523502075347,5.622959357738585e-05,2.9799999999998934,162.46448468756157,0.00012213230985888955,True
damping_20,right_foot,0.0003053540751547875,0.0018516566308341479,0.004589476306320055,0.00473967461910061,4,-0.00040134046689210053,6.531708912926195e-05,2.9799999999998934,181.9931156833687,9.750160324824568e-05,True
damping_20,left_foot,0.0001548884992199881,0.00210495087324106,0.004618202454523948,0.004768787643744249,4,-0.0003712976710908448,5.593086823630863e-05,2.983999999999893,162.46079988567482,0.0001218173721833408,True
damping_20,right_foot,0.00030558869088850464,0.0018517544846741716,0.00458942935753277,0.004739716183297771,4,-0.00040138724871446093,6.538511367483528e-05,2.983999999999893,181.99669074178806,9.746904783422929e-05,True
damping_20,left_foot,0.0001550934835213455,0.002105207067871017,0.004618155930061162,0.0047688483944736265,4,-0.00037134310262552147,5.563382882512923e-05,2.9879999999998925,162.45709317214158,0.00012150432122648619,True
damping_20,right_foot,0.00030582325346489224,0.0018518562136067684,0.004589382188813343,0.004739757928762533,4,-0.0004014342323093124,6.545378588115571e-05,2.9879999999998925,182.00028862401456,9.743733630928013e-05,True
damping_20,left_foot,0.00015529753657052837,0.0021054675912753926,0.0046181092739939755,0.004768909397863164,4,-0.000371388645033016,5.533846605876321e-05,2.991999999999892,162.45336512905573,0.00012119314697558378,True
damping_20,right_foot,0.00030605776787972306,0.0018519618658168642,0.004589334802047779,0.004739799855764126,4,-0.00040148141553220367,6.55230761892489e-05,2.991999999999892,182.00390874006655,9.740645570962202e-05,True
damping_20,left_foot,0.00015550065958499544,0.0021057324861506205,0.004618062485950789,0.004768970652564319,4,-0.0003714342984652381,5.504477093185647e-05,2.9959999999998916,162.449616329528,0.0001208838395533064,True
damping_20,right_foot,0.00030629223904821146,0.0018520714882526283,0.004589287199153146,0.00473984196450947,4,-0.00040152879621358894,6.559295571927876e-05,2.9959999999998916,182.00755050852973,9.737639326767317e-05,True
damping_20,left_foot,0.0001557028538556195,0.0021060017940398926,0.004618015565626684,0.004769032157182527,4,-0.0003714800630129486,5.475273471479156e-05,2.999999999999891,161.5883867532516,7.398098629590236e-05,True
damping_20,right_foot,0.00030652667180648067,0.0018521851266371978,0.004589239382064424,0.004739884255133175,4,-0.0004015763721719112,6.566339624073441e-05,2.999999999999891,180.48199734121874,0.0001224945637619305,True
damping_20,left_foot,0.00015576966407356243,0.0021065239878236284,0.004618001930488096,0.004769154736203561,4,-0.00037149130216718087,2.2121175751993258e-05,3.0039999999998908,161.5803227033406,0.00013048607246400753,True
damping_20,right_foot,0.00030678345364318837,0.0018526002923876601,0.004589261776399997,0.004740022973627366,4,-0.0004015522490428405,0.00010942836716105079,3.0039999999998908,180.4006071387856,0.0002071367693199976,True
damping_20,left_foot,0.00015559436547447276,0.002113890813046559,0.004618334481375563,0.004769170098061604,4,-0.0003711202491387079,0.00015371374127183676,3.0079999999998903,160.1424562022087,0.00023511532294122255,True
damping_20,right_foot,0.0003074090235756602,0.0018592919588286308,0.00458947353164485,0.004739957988048108,4,-0.00040130406561614176,0.00019992146518085508,3.0079999999998903,182.0391451356947,0.0003240096328766994,True
damping_20,left_foot,0.00015518907838529838,0.002131613597527299,0.004619355314401927,0.004768863788272199,4,-0.00037000600806068925,0.00039253060787292104,3.01199999999989,158.56216187916732,0.00038947582602194216,True
damping_20,right_foot,0.000308622549587938,0.0018754434590136971,0.00459001991224155,0.0047393408305655,4,-0.0004006682400603872,0.00036115543888968934,3.01199999999989,183.67415998300044,0.00045751507981703273,True
damping_20,left_foot,0.00015462583330806557,0.0021604382259291705,0.004621293879077833,0.004768089082493546,4,-0.000367915946798812,0.0006717552377051726,3.0159999999998894,156.96303834770592,0.0005522240730408838,True
damping_20,right_foot,0.00031049145424361644,0.001901699768622152,0.004591025588285471,0.004737950291616944,4,-0.0003995169056051342,0.0005629550294955942,3.0159999999998894,185.23192025665978,0.0005960982181661001,True
damping_20,left_foot,0.00015399820099636658,0.002200412246128094,0.004624278265968704,0.004766772887163956,4,-0.00036519949884041263,0.0009696943393299447,3.019999999999889,155.30873939235522,0.0007379457290394814,True
damping_20,right_foot,0.00031302357872098254,0.0019380709702425693,0.00459256821447861,0.004735680483357832,4,-0.0003977745785987167,0.0007833871400577333,3.019999999999889,186.78513963244862,0.0007392068449239041,True
damping_20,left_foot,0.00015339936422412192,0.002251554850218794,0.004628408917161098,0.004764920282554614,4,-0.000370171965821872,0.0012896126128573472,3.0239999999998886,152.9584487369793,0.0009265965914007861,True
damping_20,right_foot,0.00031622366920757615,0.001984474001005706,0.004594637551035178,0.004732490107081454,4,-0.00039545578896263336,0.0010104031761141948,3.0239999999998886,189.00662414698962,0.0009035224308702588,True
damping_20,left_foot,0.0001529208010485301,0.002314727861348819,0.004623751749537341,0.004772533951162641,4,-0.0003762482504626593,0.0016196526125368004,3.027999999999888,150.76974195194836,0.0011131305467954203,True
damping_20,right_foot,0.00032008881879311724,0.002041034375051436,0.004597207482113213,0.0047284102423101396,4,-0.0003940125220331129,0.001238350924734269,3.027999999999888,191.04680506047018,0.0010674348522558008,True
damping_20,left_foot,0.0001526822666336605,0.002390493488050034,0.004616655975297739,0.0047832861738090066,4,-0.00038334402470226094,0.0019462627614590608,3.0319999999998877,148.70657188327442,0.0012944092959267324,True
damping_20,right_foot,0.0003246420694797744,0.0021088224378537977,0.004597028717659605,0.004726756372553698,4,-0.0004029712823403952,0.00147359372721518,3.0319999999998877,192.95696305484967,0.001226106364335245,True
damping_20,left_foot,0.00015283715680600418,0.0024785143018482697,0.0046086546969472154,0.004795637081182254,4,-0.00039134530305278466,0.0022580493341858455,3.0359999999998872,146.77362876678492,0.00146861016480368,True
damping_20,right_foot,0.0003298508548769594,0.002187444944606938,0.004586906094564906,0.004734822928847918,4,-0.0004130939054350939,0.0016966575005344484,3.0359999999998872,194.73244319730122,0.0013782478329471975,True
damping_20,left_foot,0.00015355439475899237,0.0025778342832796716,0.004599876163295061,0.004809432959694389,4,-0.00040012383670493933,0.002549281672759889,3.039999999999887,145.00533365246605,0.001712112269264821,True
damping_20,right_foot,0.0003356612802896535,0.00227585135763294,0.0045758222816053365,0.004743749004227797,4,-0.00042417771839466014,0.0019064964562525155,3.039999999999887,196.34672292019155,0.0015271656080722113,True
damping_20,left_foot,0.00015489717149445222,0.002688940976442285,0.004590404443542584,0.004824655952992429,4,-0.0004095955564574162,0.002883486701004109,3.0439999999998864,143.4748446206145,0.0020124591493604514,True
damping_20,right_foot,0.00034202405549470824,0.0023728276719731448,0.004563984975923561,0.00475345941796753,4,-0.0004360150240764393,0.0021040837157270446,3.0439999999998864,197.81648479444436,0.0016759343216999575,True
damping_20,left_foot,0.00015702785900093482,0.0028121758777331285,0.004580329277330458,0.0048413447304471065,4,-0.0004196707226695453,0.003263966300984665,3.047999999999886,142.12765380377155,0.002366281567790709,True
damping_20,right_foot,0.0003489148762567511,0.0024775109730379627,0.004551582448315401,0.004763902244768612,4,-0.00044841755168460295,0.0022957769549735584,3.047999999999886,199.14171430957327,0.0018243399523197195,True
damping_20,left_foot,0.00016012670571808794,0.0029504153986711426,0.00456967407207997,0.0048597931074073585,4,-0.0004303259279200304,0.0037291956502909355,3.0519999999998855,141.04667600877556,0.002731123247284245,True
damping_20,right_foot,0.000356314049159326,0.002588952329331116,0.004538795763035432,0.004775028738578498,4,-0.00046120423696456494,0.0024793820846350507,3.0519999999998855,200.31423025672547,0.0019688677391393396,True
damping_20,left_foot,0.00016444390165737462,0.003103056124054897,0.00455856135119944,0.004880095293691364,4,-0.0004414386488005599,0.0042004779143623,3.055999999999885,139.94816910225677,0.0030102797176150223,True
damping_20,right_foot,0.00036422898895757997,0.0027068011366162036,0.0045257934827528795,0.00478679588059145,4,-0.0004742065172471206,0.0026563612188372572,3.055999999999885,201.34758007356396,0.0021036133273642545,True
damping_20,left_foot,0.00017026996689488278,0.003271744574836936,0.004547053934811831,0.004902456805040152,4,-0.0004529460651881692,0.004668169178767023,3.0599999999998846,139.06660603191307,0.0034873532806316064,True
damping_20,right_foot,0.0003726253301189775,0.002829816384879927,0.004512751023666502,0.004799137641394346,4,-0.00048724897633349844,0.0028176614826406553,3.0599999999998846,202.25292574862965,0.0022317625219397982,True
damping_20,left_foot,0.00017775738742653528,0.0034550696347321677,0.004535315820369923,0.004927168872859954,4,-0.00046468417963007724,0.005264060327285285,3.063999999999884,138.55301407992204,0.004666534075627341,True
damping_20,right_foot,0.00038148138233986894,0.0029571019529926437,0.004499803269292873,0.004812014624448052,4,-0.0005001967307071272,0.002972921938282312,3.063999999999884,203.0575953865509,0.0023631218237045656,True
damping_20,left_foot,0.00018776519864308278,0.0036520976791426015,0.004523544541944778,0.004955400355705495,4,-0.000476455458055222,0.0064174043072139425,3.0679999999998837,139.16263378758862,0.005947212835964256,True
damping_20,right_foot,0.00039077586874137923,0.0030875254284917857,0.004487062343041616,0.004825396988446477,4,-0.0005129376569583842,0.0031242847428682653,3.0679999999998837,203.72679685437944,0.0026050820244224266,True
damping_20,left_foot,0.0002013493887693884,0.0038649358694697396,0.004511868905421268,0.004987974277026859,4,-0.0004881310945787287,0.007732226854537323,3.0719999999998833,140.12858033437374,0.0069209481325404765,True
damping_20,right_foot,0.0004008008568928697,0.0032226305447045946,0.004474539809253275,0.004839504107970832,4,-0.0005254601907467285,0.0033662280438436615,3.0719999999998833,203.8093360620883,0.0029431185418211667,True
damping_20,left_foot,0.00021866731224250214,0.0040962960749399945,0.004500409312326665,0.0050248713419978885,3,-0.0004995906876733352,0.00885174085697776,3.075999999999883,140.92164070439216,0.007228505505743188,True
damping_20,right_foot,0.0004120187718062691,0.0033678520065539546,0.00446211195141653,0.004854880467608867,4,-0.00053788804858347,0.0037574533354375697,3.075999999999883,202.86480857907185,0.003342205635667082,True
damping_20,left_foot,0.00023897881206686773,0.0043466786832920745,0.004489245613882354,0.005064524862885875,3,-0.0005107543861176461,0.009393447492770336,3.0799999999998824,141.29619198574912,0.00735277954151241,True
damping_20,right_foot,0.00042489353869486104,0.003530717772280641,0.004449591302044708,0.0048723155196585405,4,-0.0005504086979552921,0.0043263235198861315,3.0799999999998824,201.14877852600637,0.003725234921960816,True
damping_20,left_foot,0.00026141729395508484,0.004612560995697996,0.0044784769651250896,0.005105521930182561,3,-0.0005215230348749106,0.00966984775721254,3.083999999999882,142.10133788123096,0.007328533609388086,True
damping_20,right_foot,0.0004396693429499746,0.0037158201024654466,0.004436876937914728,0.0048924376652511,4,-0.0005631230620852688,0.004968786497157239,3.083999999999882,199.60592428796858,0.003934509409177373,True
damping_20,left_foot,0.0002852769436546339,0.004890390874013977,0.004468137071023694,0.0051468704273117845,3,-0.0005318629289763057,0.009745810835646466,3.0879999999998815,143.0133846842679,0.0070540781180997575,True
damping_20,right_foot,0.0004561564125674042,0.00392832549193518,0.004423862890831989,0.004915951614089309,4,-0.0005761371091680114,0.005627181264809478,3.0879999999998815,198.2199984846185,0.004467466247105288,True
damping_20,left_foot,0.00030985796323288383,0.00517699804501308,0.004458203328077701,0.005187702153165517,3,-0.0005417966719222988,0.009588620144620951,3.091999999999881,144.14660895732945,0.007011748389081773,True
damping_20,right_foot,0.00047497229408594287,0.004169501112911618,0.004410604955991819,0.004943958568469745,4,-0.0005893950440081812,0.006631675596532072,3.091999999999881,197.55787740107652,0.0055868399647874805,True
damping_20,left_foot,0.00033491894422357196,0.00546834579996765,0.004448701326954747,0.00522758213234982,3,-0.0005512986730452528,0.009484263359014158,3.0959999999998806,145.46318587086736,0.007184032251353416,True
damping_20,right_foot,0.0004977681092056211,0.004441424083461676,0.004397217490697786,0.004978248984820546,4,-0.0006027825093022137,0.008233880971827067,3.0959999999998806,197.31936203921475,0.007584753919856963,True
damping_20,left_foot,0.0003605446757680695,0.0057618627818599635,0.004439634473531524,0.005266316761744369,2,-0.0005603655264684758,0.009460908610110041,3.09999999999988,146.66341514731107,0.0026840106791281224,True
damping_20,right_foot,0.0005269715342137008,0.004748100804802045,0.0043838756578916185,0.005021499495009338,3,-0.0006161243421083816,0.010652396591185347,3.09999999999988,198.71600847018624,0.008535156863662267,True
damping_20,left_foot,0.00038823445950400884,0.006050154055320141,0.004431228605538254,0.005303126923001725,2,-0.0005687713944617463,0.010092331718011358,3.1039999999998797,146.41181465342362,0.0026724516460588914,True
damping_20,right_foot,0.0005610124789581246,0.00508944367001075,0.004371071917668178,0.005075649497150388,3,-0.0006289280823318253,0.012781505472413558,3.1039999999998797,200.60026079157498,0.010346794418335022,True
damping_20,left_foot,0.0004175414154670787,0.006329619422093865,0.0044237407300885545,0.005338340931560083,2,-0.0005762592699114491,0.010322827987047525,3.1079999999998793,145.48556842463677,0.0028288526534382785,True
damping_20,right_foot,0.000600690552152801,0.0054629312907636335,0.004359217960213772,0.005139744444266646,3,-0.0006407820397862285,0.014977190292947331,3.1079999999998793,200.75941134902658,0.011066664844357444,True
damping_20,left_foot,0.000450174066858625,0.0066015327015541804,0.004417255970540875,0.005372816754757075,2,-0.0005827440294591249,0.011448419116241771,3.111999999999879,144.61955375452789,0.00278756439408536,True
damping_20,right_foot,0.0006439446081252169,0.005863377385276286,0.004348570911834163,0.005211885120157786,3,-0.0006514290881658369,0.01646411412419703,3.111999999999879,200.8798332780773,0.013136684283768213,True
damping_20,left_foot,0.0004848859047427722,0.0068660381570032954,0.004411798930291706,0.005407098965210952,2,-0.0005882010697082938,0.011701146137823104,3.1159999999998784,143.81675218308646,0.0029863716658646866,True
damping_20,right_foot,0.0006925921484073864,0.006288050710786552,0.0043392014803828385,0.005290724053010665,2,-0.000660798519617165,0.018293243962977736,3.1159999999998784,200.96724050971977,0.005346056034008056,True
damping_20,left_foot,0.0005240215947854036,0.0071237295282473405,0.004407303854900926,0.0054414176793761634,2,-0.0005926961450990744,0.013180562986367637,3.119999999999878,143.06409686392846,0.0028865903431278283,True
damping_20,right_foot,0.0007436215277832222,0.00673403328199244,0.00433112445485076,0.005375300708436118,2,-0.0006688755451492402,0.01928184698594177,3.119999999999878,201.0272573199847,0.005653694375026371,True
damping_20,left_foot,0.0005649559546608045,0.007374796365059844,0.0044036980906883814,0.0054759875486848734,2,-0.0005963019093116187,0.01314469881214169,3.1239999999998775,142.37478734528244,0.003143660118017986,True
damping_20,right_foot,0.0008001136004069048,0.007200289087966226,0.0043242434255526575,0.005464872114569641,2,-0.0006757565744473426,0.021027895960359862,3.1239999999998775,201.05618703861245,0.005558660903705648,True
damping_20,left_foot,0.0006113179632920655,0.007619668376239878,0.004400865066404972,0.005510768180701977,2,-0.000599134933595028,0.014995269237012247,3.127999999999877,141.7208850822385,0.0029637013955687995,True
damping_20,right_foot,0.0008577082491736446,0.007685148878635441,0.004318480553820867,0.005558924902371063,2,-0.0006815194461791364,0.02157603088424099,3.127999999999877,201.0671247620224,0.0059247157068923915,True
damping_20,left_foot,0.0006585862912309102,0.007858608677717729,0.004398716590238588,0.005545888139317466,2,-0.000601283409761416,0.01447704252238913,3.1319999999998767,141.12657421211452,0.003725303767172729,True
damping_20,right_foot,0.0009212734791345976,0.008188346258961811,0.004313682992314608,0.005656969222456568,2,-0.0006863170076853954,0.02342851546685743,3.1319999999998767,201.04918291458,0.005709609272636753,True
damping_20,left_foot,0.0007124269309546668,0.008091833258656603,0.004397137967733986,0.005581170338222918,2,-0.0006028620322660145,0.01682166369612286,3.135999999999876,140.56049430866733,0.003520062552230485,True
damping_20,right_foot,0.0009845286142468187,0.008708673058636233,0.004309765692411878,0.005758711068689026,2,-0.0006902343075881256,0.023503296081057834,3.135999999999876,201.01911955077102,0.006176427943081958,True
damping_20,left_foot,0.0007657142755212736,0.008319906899736381,0.004396059825349765,0.005616831739754812,2,-0.0006039401746502351,0.01563693763832796,3.139999999999876,140.03227980785655,0.004818342336038051,True
damping_20,right_foot,0.0010547061443593217,0.00924579578401797,0.0043065730258586565,0.005863704246217495,2,-0.000693426974141347,0.025611581219422308,3.139999999999876,200.9633194123133,0.005813317789613704,True
damping_20,left_foot,0.0008278704065480568,0.008547821510295307,0.004395420761844241,0.005652810253770391,2,-0.0006045792381557591,0.019084985644588482,3.1439999999998753,139.60235792692038,0.004174211457864136,True
damping_20,right_foot,0.001122850871674605,0.009798668338473418,0.004304047119980652,0.005971784618915354,2,-0.0006959528800193479,0.02510762145647665,3.1439999999998753,200.884765788232,0.006498677101832918,True
damping_20,left_foot,0.0008867632949407813,0.008765891982817527,0.004395315339030131,0.005689159875390648,2,-0.0006046846609698694,0.016612732462003073,3.147999999999875,139.03294758163636,0.006260568664155677,True
damping_20,right_foot,0.0012004713738329707,0.010367536135568805,0.0043019827609963555,0.006082440544507309,2,-0.0006980172390036411,0.027891620193341154,3.147999999999875,200.81751630427186,0.005898809223541244,True
damping_20,left_foot,0.0009587719662029465,0.008990671435048924,0.004395439610621294,0.005725372321854411,2,-0.000604560389378706,0.02192594935728808,3.1519999999998745,139.1334054959268,0.004770206890394979,True
damping_20,right_foot,0.001273190351219339,0.010944623755943376,0.004300471996153771,0.006194700898992548,2,-0.0006995280038462294,0.026154532834187977,3.1519999999998745,201.01613442320075,0.006966967910518863,True
damping_20,left_foot,0.0010223656128418236,0.00918227132242098,0.00439615800432934,0.005758793640401341,2,-0.0006038419956706604,0.016937257236968584,3.155999999999874,139.2428428266028,0.007134756049225286,True
damping_20,right_foot,0.001358702505455263,0.011518777915507651,0.004299146271164581,0.006305467780318388,2,-0.0007008537288354195,0.029641424469589166,3.155999999999874,200.93339006519878,0.006031494507215261,True
damping_20,left_foot,0.0011015066207878956,0.009372376948254124,0.0043967236539868,0.005790479615142782,2,-0.0006032763460131962,0.02370029301249689,3.1599999999998736,140.69195090006698,0.004637484978266738,True
damping_20,right_foot,0.0014336385834310267,0.01208000674253896,0.004298528054925005,0.006414693683126187,2,-0.0007014719450749952,0.025903438746354576,3.1599999999998736,200.36311842593696,0.007406991851955419,True
damping_20,left_foot,0.0011658561742548266,0.009526475511545196,0.004397709974746582,0.005820427849257556,2,-0.0006022900252534184,0.016024661159974644,3.163999999999873,141.54487255725533,0.007235964109235993,True
damping_20,right_foot,0.001522318344172142,0.012639768250038085,0.0042980515320245535,0.006522930095808455,2,-0.0007019484679754535,0.030301059786619598,3.163999999999873,199.92258761844988,0.0060495039899779056,True
damping_20,left_foot,0.0012473854980204274,0.009687619384848361,0.004398160303370629,0.005849872882143156,2,-0.0006018396966293712,0.024177695526288064,3.1679999999998727,142.97362013912368,0.0038136286719657186,True
damping_20,right_foot,0.0015947008988349432,0.013190443905160327,0.004298278101973162,0.006630319565617878,2,-0.0007017218980268454,0.025049050597092722,3.1679999999998727,199.09567995192663,0.00769683251613204,True
damping_20,left_foot,0.0013057341828340869,0.009818886268378435,0.004398852919762143,0.005878548993162602,2,-0.000601147080237857,0.013478189679512125,3.1719999999998723,143.6952300678077,0.007449434323058578,True
damping_20,right_foot,0.0016833405104945277,0.013743700685539815,0.004298539166676656,0.006737271262594581,2,-0.0007014608333233445,0.030541131477378202,3.1719999999998723,198.5137677670197,0.005611310595172223,True
damping_20,left_foot,0.0013883340137659022,0.009962992483088818,0.004399015882933899,0.005907307265294877,2,-0.0006009841170661013,0.024987457086412996,3.175999999999872,145.0646356180223,0.0026013279570391433,True
damping_20,right_foot,0.001746594550160556,0.014293097480131462,0.004299401116925089,0.006843989519270264,2,-0.0007005988830749111,0.023367424551495156,3.175999999999872,197.6672319249296,0.008062192011650699,True
damping_20,left_foot,0.0014332403388355687,0.010082904097409185,0.0043994451681468975,0.005936030815203944,2,-0.000600554831853106,0.008979147307268278,3.1799999999998714,145.63182639742251,0.009195327259475637,True
damping_20,right_foot,0.0018365760853178395,0.014845334628362208,0.004300306419327729,0.006950332787285379,2,-0.000699693580672271,0.03176937215492697,3.1799999999998714,197.09402754780632,0.004769261931235621,True
damping_20,left_foot,0.001523977855814735,0.010223938414084605,0.00439973130004729,0.0059652547252788575,2,-0.0006002686999527105,0.029320145076299296,3.183999999999871,147.08012766761863,0.0026117473404801616,True
damping_20,right_foot,0.0018821933771553743,0.01540079552619829,0.004301702934469541,0.007057014986070875,2,-0.0006982970655304592,0.02146763955598645,3.183999999999871,196.15162457015862,0.007462764677571425,True
damping_20,left_foot,0.0015747306382603036,0.010331336857236122,0.004400509869597152,0.005994439357982658,2,-0.000599490130402852,0.00953419381426778,3.1879999999998705,149.3943908156769,0.007293811618294522,True
damping_20,right_foot,0.0019599405801109014,0.015965207583977396,0.004302968028925699,0.007163894966699853,2,-0.0006970319710743007,0.03017279003278408,3.1879999999998705,193.64816912425152,0.004646018545782624,True
damping_20,left_foot,0.0016529064313701698,0.010460321576200164,0.004400583920009995,0.006024262263172608,2,-0.0005994160799900053,0.024574062505636728,3.19199999999987,147.96555741671048,0.0022254397652648043,True
damping_20,right_foot,0.0020080044951826604,0.016515911420585942,0.004305379019545898,0.007269956005122407,2,-0.0006946209804541024,0.02164916646028872,3.19199999999987,195.26673402265624,0.007393492020902854,True
damping_20,left_foot,0.0016883469974737796,0.010564149291541421,0.004401046904852424,0.006054147329947794,2,-0.0005989530951475757,0.007038764121036342,3.1959999999998696,149.80111006430425,0.007502652280247962,True
damping_20,right_foot,0.00208579664825915,0.017073048311597148,0.004307476598853624,0.0073760270791870045,2,-0.0006925234011463761,0.029853269662784426,3.1959999999998696,193.36178643498585,0.005005664941034917,True
damping_20,left_foot,0.0017655100255590205,0.010678709707941925,0.0044013953800505975,0.0060842549160231504,2,-0.0005986046199493991,0.02534645086448707,3.199999999999869,150.0819708275997,0.0021535117927345125,True
damping_20,right_foot,0.0021204759987951557,0.01762996970456036,0.004310132854452232,0.007482163133779123,2,-0.0006898671455477677,0.021372375321649036,3.199999999999869,193.30043111451775,0.006937543153427947,True
damping_20,left_foot,0.001800736300070997,0.0107719353371564,0.004402033786825792,0.006114529419090353,2,-0.0005979662131742119,0.007074757855277957,3.2039999999998687,152.79706487660133,0.005309690053508264,True
damping_20,right_foot,0.0021859870854272624,0.018193419612447567,0.0043125558237284214,0.007588430164993172,2,-0.0006874441762715787,0.02782238374554168,3.2039999999998687,190.47234181445765,0.004100466947426151,True
damping_20,left_foot,0.001862969422661402,0.010872925500223257,0.004402217521551292,0.006144933240858248,2,-0.0005977824784487084,0.02033738760137703,3.2079999999998683,151.54029152693238,0.002643481984534946,True
damping_20,right_foot,0.0022209783623414383,0.018753067919000083,0.004315637351500985,0.007694363435166263,2,-0.0006843626484990149,0.02134802881655859,3.2079999999998683,191.82101137434313,0.00688469078746216,True
damping_20,left_foot,0.0018816764418091094,0.010966892318647574,0.004402528135039652,0.00617585218090452,2,-0.0005974718649603512,0.006790056134567682,3.211999999999868,153.4127087811728,0.0053306462355287255,True
damping_20,right_foot,0.002285498523639462,0.01931661802489568,0.00431856101209508,0.007800121733612355,2,-0.0006814389879049197,0.027368240340072767,3.211999999999868,189.89784102450923,0.006392470162201026,True
damping_20,left_foot,0.0019419464402283377,0.01105956420781214,0.004403018105710796,0.0062065739905642105,2,-0.0005969818942892042,0.0209345256578724,3.2159999999998674,153.70956767817398,0.0027539701478601674,True
damping_20,right_foot,0.0023063485341499844,0.01988768815817408,0.00432153276037546,0.007906555608057302,2,-0.0006784672396245401,0.022239335832887154,3.2159999999998674,189.77288519174067,0.006556947774753621,True
damping_20,left_foot,0.001960236346417779,0.011151630770309272,0.004403502922942681,0.006238075756620512,2,-0.0005964970770573228,0.007235376182729081,3.219999999999867,156.3295936105244,0.004641446011074136,True
damping_20,right_foot,0.0023574239179975673,0.02045637365661782,0.004324869510689396,0.008012308147464016,2,-0.0006751304893106115,0.025337842527825394,3.219999999999867,187.03775761335996,0.005258700688005214,True
damping_20,left_foot,0.002003583669384438,0.011234950061243573,0.004403963230362615,0.0062689443817613745,2,-0.0005960367696373889,0.015595640289499276,3.2239999999998665,155.23764125087922,0.004825058451208489,True
damping_20,right_foot,0.002379596388958081,0.021029041082470862,0.004328380825853476,0.008118229475039505,2,-0.0006716191741465245,0.021896868013775845,3.2239999999998665,188.19423436447767,0.006454293070038549,True
damping_20,left_foot,0.002003816989666413,0.011344510199911362,0.004403814620371045,0.006301418283425956,2,-0.000596185379628955,0.009791428631844552,3.227999999999866,156.88971812731523,0.005342099539976302,True
damping_20,right_foot,0.0024316940339236858,0.02160250043185887,0.004332159052930634,0.00822372032486397,2,-0.0006678409470693659,0.025354079071258185,3.227999999999866,186.5115041535185,0.007793893415995815,True
damping_20,left_foot,0.0020449741786633447,0.01142631399731634,0.004404705303272902,0.006332478131349902,2,-0.0005952946967270984,0.01622796912717021,3.2319999999998656,157.0924628342732,0.005242529498286446,True
damping_20,right_foot,0.002440720297565057,0.022189551789921807,0.004335276946403364,0.008330751138350915,2,-0.0006647230535966426,0.023825874860837974,3.2319999999998656,186.4396252612142,0.0060791436801722115,True
damping_20,left_foot,0.0020456979569918442,0.01154349977867298,0.004404703399168902,0.006365700408276113,2,-0.0005952966008310979,0.010343088670017098,3.235999999999865,159.6296477776807,0.005185605619436012,True
damping_20,right_foot,0.0024793093226036255,0.022766908081380717,0.004339615037150281,0.008436208749620935,2,-0.0006603849628497192,0.02365732490272078,3.235999999999865,183.84355790954885,0.007314184463944246,True
damping_20,left_foot,0.002076202258422314,0.011633256797523186,0.004405692589654828,0.006397423919042612,2,-0.0005943074103451724,0.013134716349367243,3.2399999999998648,158.51301405786552,0.0066203790053496565,True
damping_20,right_foot,0.002487139018953883,0.02335769304288513,0.004343187855125559,0.008543085194144664,2,-0.0006568121448744411,0.0237191038324896,3.2399999999998648,184.96997289062705,0.006017736242693973,True
damping_20,left_foot,0.0020648385017222218,0.01176243057202688,0.004405632546552539,0.0064314105029202075,2,-0.0005943674534474612,0.012889683029443965,3.2439999999998643,160.4606589229207,0.005584115653711791,True
damping_20,right_foot,0.0025258751302869057,0.023943302186206494,0.004347758149559795,0.008648695445675897,2,-0.0006522418504401979,0.023653360633658332,3.2439999999998643,183.10845056132888,0.008680026679381721,True
damping_20,left_foot,0.0020927288716761252,0.011860915309115753,0.004406851645052855,0.006463639774941965,2,-0.0005931483549471454,0.01325420861302071,3.247999999999864,160.2050219517611,0.006914256306426882,True
damping_20,right_foot,0.0025267457954010804,0.024543842840379557,0.00435117248781032,0.008756323017147738,2,-0.0006488275121896798,0.025411523988934225,3.247999999999864,183.3906539286461,0.005786313244237877,True
damping_20,left_foot,0.0020802883423862895,0.011995788050125213,0.004407029072205075,0.0064980716082203745,2,-0.000592970927794925,0.01357235086584978,3.2519999999998634,162.5230341523996,0.005490083363530621,True
damping_20,right_foot,0.00255885137627054,0.025138223430700574,0.004355798319324651,0.008862475602537837,2,-0.000644201680675349,0.023073886103404245,3.2519999999998634,181.14568533218983,0.008513517728213195,True
damping_20,left_foot,0.0021034964245031525,0.012105317176091986,0.0044084213433530015,0.006530994860618904,2,-0.0005915786566469987,0.012218593585223786,3.255999999999863,161.61729604522935,0.0073796056511320355,True
damping_20,right_foot,0.002558352213370862,0.02574478837696202,0.004359419199962765,0.008970154461213,2,-0.0006405808000372422,0.02568596216350165,3.255999999999863,182.04744738222735,0.0056799679070650266,True
damping_20,left_foot,0.002085782685687483,0.01224833574168036,0.00440882995489892,0.006566046826876372,2,-0.0005911700451010802,0.014958225865342163,3.2599999999998626,163.860260187991,0.0055269358341130176,True
damping_20,right_foot,0.002589986901710248,0.026347821930509066,0.0043641096388704545,0.009076482948583191,2,-0.0006358903611295456,0.023033797594563834,3.2599999999998626,179.89843221539508,0.008772935348175345,True
damping_20,left_foot,0.0021065123135500245,0.012369611473502455,0.004410446435435721,0.0065996857486835155,2,-0.0005895535645642795,0.012002019726158261,3.263999999999862,163.18065177518343,0.0075192604978671146,True
damping_20,right_foot,0.0025878239767096025,0.026961681420394956,0.004367687990928362,0.009184362387672004,2,-0.0006323120090716379,0.026379058260948808,3.263999999999862,180.57075792103578,0.005530177326651018,True
damping_20,left_foot,0.0020869760516398256,0.012522999257243027,0.00441105643897919,0.006635510741359034,2,-0.0005889435610208103,0.015688247172780053,3.2679999999998617,165.44853949959173,0.005443773419826506,True
damping_20,right_foot,0.0026176356181379884,0.027572061701283585,0.004372378313653551,0.009290769308832388,2,-0.0006276216863464494,0.022851272920455284,3.2679999999998617,178.4071429706584,0.008644281351513097,True
damping_20,left_foot,0.002105255326717911,0.012659109152045359,0.004412838920936531,0.006670102052119462,2,-0.0005871610790634694,0.011640135049440146,3.2719999999998612,164.64291809391173,0.0076536589186187,True
damping_20,right_foot,0.0026153223034936736,0.028191309243947218,0.004376000540469618,0.009398470844542803,2,-0.0006239994595303817,0.026591732745240813,3.2719999999998612,179.209794631021,0.005415523423702223,True
damping_20,left_foot,0.0020833246901121034,0.012825198021820758,0.00441363210323658,0.006706858959076835,2,-0.0005863678967634204,0.016521135701446536,3.275999999999861,166.83489137011327,0.0053048572788970474,True
damping_20,right_foot,0.0026448528681989143,0.02880788417569809,0.004380714717849954,0.00950468808337561,2,-0.0006192852821500462,0.022749491054127595,3.275999999999861,177.11822348897334,0.008338104270951068,True
damping_20,left_foot,0.002098924909303323,0.012977922115520365,0.004415570006682364,0.006742511738280433,2,-0.0005844299933176365,0.011290792373043155,3.2799999999998604,166.1036981490165,0.007752128820471844,True
damping_20,right_foot,0.002643467330227105,0.02943180768811408,0.004384391949922274,0.009612017040578978,2,-0.000615608050077726,0.026547787024688057,3.2799999999998604,177.84989421070406,0.005312247527862582,True
damping_20,left_foot,0.002074684853813053,0.013158470581352603,0.004416531676298678,0.006780289231193257,2,-0.000583468323701322,0.017335879093951588,3.28399999999986,168.11309959508623,0.005141088902446956,True
damping_20,right_foot,0.0026733369549491698,0.030053746339967942,0.004389141348601321,0.009717891239232179,2,-0.0006108586513986726,0.02266704781692627,3.28399999999986,175.93766067059227,0.007948719931935654,True
damping_20,left_foot,0.0020877712978570238,0.013328918989353684,0.004418624091402375,0.0068170542790001384,2,-0.0005813759085976254,0.01100836878622034,3.2879999999998595,167.53356489108944,0.007804721072818177,True
damping_20,right_foot,0.0026732631249661264,0.030681688025881178,0.004392888994141114,0.00982472465020134,2,-0.0006071110058588859,0.02636880025883961,3.2879999999998595,176.52081299473147,0.005211787392249135,True
damping_20,left_foot,0.0020615360020929626,0.013524929761857643,0.004419751825175108,0.006855886973975631,2,-0.0005802481748248918,0.018089104476288295,3.291999999999859,169.32437899176335,0.004965135624677486,True
damping_20,right_foot,0.0027036721183294676,0.0313080847633313,0.004397696608645668,0.009930143839056799,2,-0.000602303391354332,0.02258319214461313,3.291999999999859,174.82311889991436,0.0075183970543540556,True
damping_20,left_foot,0.0020724026561585833,0.013713533742962695,0.004422005021443361,0.006893769917799039,2,-0.0005779949785566394,0.010799777441143117,3.2959999999998586,168.91955609495102,0.007809907497582745,True
damping_20,right_foot,0.0027049763936830384,0.03193928647907977,0.004401539106432442,0.010036387871960355,2,-0.0005984608935675579,0.026114619896243505,3.2959999999998586,175.2336785973108,0.005110626256882333,True
damping_20,left_foot,0.0020445590403613072,0.013925423994067569,0.004423300513223476,0.006933658863480331,2,-0.0005766994867765244,0.018764596566568065,3.299999999999858,170.48236807916567,0.00478303397575327,True
damping_20,right_foot,0.0027359330719555507,0.03256916634427237,0.004406433179270856,0.010141264355663062,2,-0.0005935668207291437,0.02249077346151176,3.299999999999858,173.75811308966246,0.007067469576509055,True
damping_20,left_foot,0.0020535388207996194,0.01413210056143837,0.004425722825599242,0.006972643003795163,2,-0.0005742771744007584,0.010657690592713301,3.3039999999998577,170.2525871493599,0.007768694637105498,True
damping_20,right_foot,0.0027385387597561677,0.03320284813400881,0.004410394222196114,0.010246852676128983,2,-0.0005896057778038864,0.025816224984027296,3.3039999999998577,173.99543146715058,0.005008352871421297,True
damping_20,left_foot,0.002024493827439519,0.014359835705296599,0.004427188331497557,0.0070135739574756495,2,-0.000572811668502443,0.019356124238735742,3.3079999999998573,171.59011789604872,0.004598458000952572,True
damping_20,right_foot,0.002769975277343033,0.03383524471404458,0.004415399942175248,0.010351123086654482,2,-0.0005846000578247522,0.022389529711608593,3.3079999999998573,172.73812190131497,0.006605758967668005,True
damping_20,left_foot,0.0020319297087287498,0.014584077513688468,0.0044297879011146735,0.007053630325240895,2,-0.0005702120988853266,0.010570612399243255,3.311999999999857,171.52620566097204,0.0076823838781017685,True
damping_20,right_foot,0.0027737496275887234,0.034470643799820316,0.0044194969806337706,0.010456012852706108,2,-0.0005805030193662295,0.02548933046589306,3.311999999999857,172.8112226681861,0.004905743258559755,True
damping_20,left_foot,0.002002093156991458,0.014827233597942966,0.004431424888605512,0.007095579525269624,2,-0.0005685751113944882,0.01986022695040834,3.3159999999998564,172.64632312301694,0.004413536540501362,True
damping_20,right_foot,0.00280557469341215,0.03510462864262741,0.004424632301022566,0.010559634405736845,2,-0.0005753676989774343,0.02228164138624052,3.3159999999998564,171.76317251854175,0.00621889071686504,True
damping_20,left_foot,0.002008318489080169,0.015068158442816186,0.004434208024649458,0.007136668188983293,2,-0.000565791975350542,0.010524898545396164,3.319999999999856,172.73508710131094,0.00755743303993418,True
damping_20,right_foot,0.0028102831222850916,0.0357403636409226,0.004428876041232606,0.01066382078839825,2,-0.0005711239587673942,0.025200196994187223,3.319999999999856,171.6852222458171,0.004817699525697386,True
damping_20,left_foot,0.0019780994906533405,0.015326040981381094,0.0044360079683347445,0.007179617006054788,2,-0.0005639920316652556,0.020275412227230834,3.3239999999998555,173.64764966735055,0.004231674042485175,True
damping_20,right_foot,0.002842313819684555,0.0363745737794707,0.00443417104939,0.010766750768830751,2,-0.0005658289506100004,0.02215671835869628,3.3239999999998555,170.83729713348887,0.005881085678144697,True
damping_20,left_foot,0.001983434832152683,0.015582501581915823,0.0044389785897185965,0.007221702169137537,2,-0.0005610214102814036,0.010510168071889994,3.327999999999855,173.86793912644146,0.0073960597516993165,True
damping_20,right_foot,0.0028477417146826546,0.0370094194838036,0.004438576814193386,0.010870204325199726,2,-0.0005614231858066072,0.024938773494064086,3.327999999999855,170.62860772773635,0.004739739755137053,True
damping_20,left_foot,0.0019531950304018126,0.015854022583933015,0.004440941644044329,0.007265612006709544,2,-0.0005590583559556715,0.02061002331710441,3.3319999999998546,174.60174236716588,0.004053415924703015,True
damping_20,right_foot,0.0028798457462776,0.03764277733058085,0.004444042377828694,0.010972415287075977,2,-0.000555957622171306,0.022021724774905542,3.3319999999998546,169.9509858830533,0.005581910876351915,True
damping_20,left_foot,0.0019579246200902025,0.016124594694509442,0.004444103352814921,0.007308642597730574,2,-0.0005558966471850861,0.010514356500801856,3.335999999999854,174.928613682989,0.006910946241403461,True
damping_20,right_foot,0.002885845538918754,0.0382758297866925,0.004448605212882581,0.011075127383572705,2,-0.0005513947871174261,0.024697587812947654,3.335999999999854,169.63599818830937,0.0044901163347415615,True
damping_20,left_foot,0.0019298043807242154,0.016408062466124737,0.004446292574922038,0.007353371165451674,2,-0.000553707425077962,0.020167155971012072,3.3399999999998538,175.64104675121843,0.0039678215091445935,True
damping_20,right_foot,0.0029166273968351114,0.03890739553824258,0.004454202352468413,0.011176650677933702,2,-0.0005457976475315802,0.02166719778727297,3.3399999999998538,168.97374786070645,0.005542189268766638,True
damping_20,left_foot,0.001935864098992945,0.016691352858698674,0.004449668582131493,0.0073972290816106505,2,-0.0005503314178685074,0.010623610275223825,3.3439999999998533,175.91799358517818,0.006999711999404233,True
damping_20,right_foot,0.0029218488568801258,0.03953755647425008,0.004458804714139716,0.011278742122350489,2,-0.0005411952858602838,0.024781495028473984,3.3439999999998533,168.7000858522332,0.004564756147758069,True
damping_20,left_foot,0.0019073161580176264,0.016985443160693472,0.004451924023827623,0.007442911327675116,2,-0.0005480759761723767,0.020896149702172302,3.347999999999853,176.5061545351659,0.003768681090742892,True
damping_20,right_foot,0.002953129259126339,0.04016617704159327,0.0044645559347472885,0.011379564100402587,2,-0.0005354440652527116,0.021652469268893075,3.347999999999853,168.15669612124492,0.005291279595663897,True
damping_20,left_foot,0.0019119483927420666,0.017278932945029187,0.004455481414166636,0.007487635778119787,2,-0.0005445185858333644,0.010574694639712681,3.3519999999998524,176.78798505852092,0.00641554736905706,True
damping_20,right_foot,0.002959575649260598,0.04079246893755719,0.004469341412684381,0.01148085672727258,2,-0.0005306585873156187,0.0244559169247585,3.3519999999998524,167.8891978559604,0.004172974819027162,True
damping_20,left_foot,0.001887020536504655,0.0175810770284827,0.004458063407035834,0.007533944676669024,2,-0.0005419365929641663,0.01991448402976836,3.355999999999852,177.46298465883427,0.0038173381965586175,True
damping_20,right_foot,0.002988492897294479,0.04141710801633641,0.0044751966095572734,0.011580943662236557,2,-0.0005248033904427267,0.021098091919198095,3.355999999999852,167.2520294872548,0.005443600458420101,True
damping_20,left_foot,0.0018943256959558887,0.01788335283234491,0.004461923599277454,0.007579301283907585,2,-0.0005380764007225395,0.010755030556837934,3.3599999999998515,177.64351875606764,0.006577853594678248,True
damping_20,right_foot,0.002993045047229144,0.042038878208429636,0.004479861875030515,0.011681686641306494,2,-0.0005201381249694851,0.024821948304317693,3.3599999999998515,167.06580480581704,0.004362674401904918,True
damping_20,left_foot,0.0018686753687837552,0.018193010794382073,0.004464525393000712,0.007626510156087164,2,-0.0005354746069992878,0.02087819023002533,3.363999999999851,178.2314388879799,0.003575566098245382,True
damping_20,right_foot,0.003022813615004378,0.04265914810791518,0.004485782745954077,0.011781052867115217,2,-0.0005142172540459232,0.021154739911312684,3.363999999999851,166.5091972982988,0.005148395009689061,True
damping_20,left_foot,0.0018741559912685548,0.018502680913818605,0.004468484940094171,0.007672702023708761,2,-0.0005315150599058292,0.01066897422723463,3.3679999999998507,178.3604855344543,0.0061604795504223465,True
damping_20,right_foot,0.003029119871146033,0.04327596469499727,0.004490630126869656,0.011880883086900138,2,-0.000509369873130344,0.02436963365881267,3.3679999999998507,166.38338123185224,0.004005007337409279,True
damping_20,left_foot,0.0018517303011997294,0.01881742258590046,0.004471353840889161,0.007720479770700072,2,-0.0005286461591108389,0.0200736768360919,3.3719999999998502,178.99536184481548,0.003646496980637961,True
damping_20,right_foot,0.0030569885090746514,0.043891416154280376,0.004496611152464462,0.011979451157639247,2,-0.0005033888475355379,0.020647329426302923,3.3719999999998502,165.77278028546075,0.005273960348122786,True
damping_20,left_foot,0.0018594710124378354,0.0191324235357064,0.00447560057016632,0.007767193583152095,2,-0.00052439942983368,0.01081301996713658,3.37599999999985,179.07998557142196,0.006269778007235725,True
damping_20,right_foot,0.003061786722200289,0.044503020760231285,0.004501245145563583,0.012078717903507327,2,-0.0004987548544364171,0.024681235181448973,3.37599999999985,165.67665549896768,0.0041283480486101675,True
damping_20,left_foot,0.0018371289867266023,0.019451423903461496,0.004478492825553564,0.007815721712639084,2,-0.0005215071744464365,0.020794013561326204,3.3799999999998493,179.61381172732837,0.00346373896277026,True
damping_20,right_foot,0.003090080846016736,0.04511347748851915,0.004507182868443808,0.012176565007677848,2,-0.0004928171315561917,0.020612199762948445,3.3799999999998493,165.16240993426544,0.0050491976867435345,True
damping_20,left_foot,0.0018438162081729733,0.019770898428276937,0.004482812781971955,0.007863132496110859,2,-0.000517187218028045,0.010759944910314607,3.383999999999849,179.67223177617853,0.00599025835610919,True
damping_20,right_foot,0.0030961547245408646,0.04571966670181898,0.004505336059044712,0.012281487070854354,2,-0.0004946639409552879,0.02432501685173787,3.383999999999849,165.0986105999468,0.0038868145972316584,True
damping_20,left_foot,0.0018239835430791153,0.02009294050099187,0.004485858162692126,0.007912186444154274,2,-0.0005141418373078742,0.020328035318702625,3.3879999999998485,180.25791261947853,0.003489108349064948,True
damping_20,right_foot,0.0031232854958179526,0.04632475758996326,0.004499750215092191,0.012390033955257784,2,-0.0005002497849078092,0.02022944976314558,3.3879999999998485,164.52088848959622,0.0050843036313150975,True
damping_20,left_foot,0.0018321752066543856,0.020415769549880784,0.004489635853093289,0.007960787318987205,2,-0.0005103641469067178,0.010846130667711121,3.391999999999848,180.2486321118401,0.005868443103441908,True
damping_20,right_foot,0.0031286538224844103,0.0469251777609497,0.004495697812846519,0.012496301043414773,2,-0.000504302187153481,0.02446472107439466,3.391999999999848,164.51750601598013,0.003968462683250009,True
damping_20,left_foot,0.0018117418512678368,0.02072939960920718,0.004482648195241218,0.008019920611998046,2,-0.0005173518047587823,0.021065994990208853,3.3959999999998476,172.49577206068054,0.0033570610735153723,True
damping_20,right_foot,0.0031553787792654186,0.0475250525660036,0.004489084106169855,0.012604033524966796,2,-0.0005109158938301451,0.01989419168907834,3.3959999999998476,170.47550144601945,0.005032646534345596,True
damping_20,left_foot,0.001819203551784807,0.021043604902376438,0.0044760659965353,0.008078312905148512,2,-0.0005239340034647001,0.010572038677097592,3.399999999999847,182.07158971593034,0.005838104143643003,True
damping_20,right_foot,0.003161133674994069,0.048117969679036796,0.004484392134615406,0.012709133854273365,2,-0.0005156078653845942,0.024312237725793627,3.399999999999847,162.77152724886085,0.003894820529622363,True
damping_20,left_foot,0.0018018401976554307,0.02136061514509141,0.0044713820541963725,0.008134864377160746,2,-0.0005286179458036276,0.02051290530493472,3.4039999999998467,181.5836499043284,0.0033427486085044946,True
damping_20,right_foot,0.0031878863798955833,0.048708785345346624,0.004479351284005742,0.01281477864690762,2,-0.0005206487159942512,0.019782692260245163,3.4039999999998467,163.29715650283384,0.00491693310893855,True
damping_20,left_foot,0.001810369176340938,0.021680533555057765,0.004465404626884724,0.00819285500755753,2,-0.0005345953731152762,0.010610689091359158,3.4079999999998463,181.33019284938217,0.005693162656492481,True
damping_20,right_foot,0.0031942796945796446,0.04929413861790547,0.004476045811508601,0.012918065694691592,2,-0.0005239541884913988,0.024094377876708734,3.4079999999998463,163.5322291779637,0.003906476112785587,True
damping_20,left_foot,0.001795189591970428,0.022001160028830808,0.004461050802614379,0.008249414727974112,2,-0.0005389491973856212,0.020358046363116496,3.411999999999846,181.7310947532527,0.0033125427411202584,True
damping_20,right_foot,0.0032208872280770654,0.04987818908405601,0.004471687074136775,0.013022434179907866,2,-0.000528312925863225,0.019615501371699658,3.411999999999846,163.10779787295752,0.00486024849623081,True
damping_20,left_foot,0.0018045730486327572,0.02232403367250237,0.004455426339750497,0.008307434251767505,2,-0.0005445736602495031,0.010653725960622713,3.4159999999998454,181.57125482759804,0.005427664541431462,True
damping_20,right_foot,0.003227839322091334,0.05045703402070266,0.004468868259461682,0.013124525982131364,2,-0.000531131740538318,0.023963568547679833,3.4159999999998454,163.2469561596584,0.003994997194579309,True
damping_20,left_foot,0.0017897839583530047,0.02264444501577266,0.004449491312058448,0.008366440662247458,2,-0.0005505086879415517,0.0209077354161035,3.419999999999845,173.8492410358881,0.003231297458559224,True
damping_20,right_foot,0.0032542555831974697,0.05104077747826157,0.0044631371249259436,0.013229162120771718,2,-0.0005368628750740565,0.019411331525549975,3.419999999999845,170.911280690674,0.0049091085924708655,True
damping_20,left_foot,0.0017992899394775924,0.022965186544800363,0.004444076782895184,0.008424647922309712,2,-0.0005559232171048157,0.010611588558739718,3.4239999999998445,183.43528417023953,0.005315538716760448,True
damping_20,right_foot,0.003261724180830472,0.05161835247232447,0.004459511429818111,0.013331206930181517,2,-0.0005404885701818891,0.024052701539842042,3.4239999999998445,161.26491037121065,0.004076786896890972,True
damping_20,left_foot,0.0017860987724265735,0.023284290190116307,0.0044387486187158695,0.008483208538219152,2,-0.0005612513812841375,0.020944353628202805,3.427999999999844,174.1037554137834,0.0031691830177627573,True
damping_20,right_foot,0.0032885351763416648,0.052199703101532796,0.004453762604384827,0.013435289407739751,2,-0.0005462373956151732,0.01935450887280266,3.427999999999844,170.7777557055661,0.004876233692846556,True
damping_20,left_foot,0.0017960292474544246,0.023603951704942783,0.004433867271721868,0.00854088371003564,2,-0.0005661327282781388,0.010559368800764411,3.4319999999998436,183.9050910701366,0.005237212771362421,True
damping_20,right_foot,0.003296967762655491,0.05277403115733408,0.004450424361546634,0.013536569585739087,2,-0.0005495756384533658,0.02394471206820884,3.4319999999998436,160.73643159890585,0.003948877001280678,True
damping_20,left_foot,0.0017866796834535624,0.023922098409709575,0.004430840708057972,0.00859639223744384,2,-0.0005691592919420283,0.019913913839618092,3.435999999999843,182.90432887552063,0.0032483788972083017,True
damping_20,right_foot,0.0033237807436337433,0.053345249474525964,0.004446892502911512,0.013638324414586355,2,-0.0005531074970884882,0.01924789505192108,3.435999999999843,161.77815923426593,0.004776070390515559,True
damping_20,left_foot,0.0017981462328945336,0.024243697332558507,0.004426385578931026,0.00865324821838575,2,-0.000573614421068981,0.010599633570097014,3.4399999999998427,182.55195723249346,0.005042716341722123,True
damping_20,right_foot,0.0033326545051024603,0.05391048398193926,0.004445159459243682,0.013737600771120625,2,-0.0005548405407563182,0.02374395752174145,3.4399999999998427,162.10188496028297,0.003973545348567383,True
damping_20,left_foot,0.0017912490357353597,0.024562564241242823,0.004423500344541538,0.00870847969866053,2,-0.0005764996554584621,0.01949620939419571,3.4439999999998423,182.71835856551343,0.0033167227154767115,True
damping_20,right_foot,0.003359411110948016,0.05447392406052007,0.004442306846072837,0.013838039494769472,2,-0.0005576931539271633,0.01908341551490444,3.4439999999998423,161.9054473353729,0.004746880160604369,True
damping_20,left_foot,0.0018037393703088358,0.02488382706126832,0.004419279211073754,0.008765070230634723,2,-0.0005807207889262462,0.010666345713894111,3.447999999999842,182.5898703206616,0.004889824890809015,True
damping_20,right_foot,0.0033689087415961073,0.05503251334714512,0.004440969300597536,0.01393611876844892,2,-0.0005590306994024642,0.02359976499249919,3.447999999999842,161.99936787832604,0.004016823610036512,True
damping_20,left_foot,0.0017989534677867586,0.025201185152607542,0.004416659145480249,0.008820017102660366,2,-0.0005833408545197509,0.01918595279200627,3.4519999999998414,182.77009598045422,0.003366504373031594,True
damping_20,right_foot,0.0033958373410088775,0.05559005533382882,0.004438358757411935,0.01403545105534695,2,-0.000561641242588058,0.018945884631603203,3.4519999999998414,161.7859437636494,0.0047126311680907385,True
damping_20,left_foot,0.001812211693484704,0.025520598648995627,0.004412738055082084,0.00887628280263731,2,-0.000587261944917916,0.010715552875032747,3.455999999999841,182.73048043449,0.004747663278693552,True
damping_20,right_foot,0.003406076677582709,0.05614344069892489,0.004437166611183686,0.014132465657809144,2,-0.0005628333888163138,0.023439244487190036,3.455999999999841,161.80474040038274,0.004057450799455821,True
damping_20,left_foot,0.001809300395452273,0.02583547822577674,0.004410425030332149,0.008930858469041621,2,-0.000589574969667851,0.018889526465193752,3.4599999999998405,182.86548378277502,0.003412032941481812,True
damping_20,right_foot,0.0034332267178881957,0.05669610081428292,0.004434654409441699,0.014230779898473902,2,-0.0005653455905583011,0.018820519916109606,3.4599999999998405,161.61808791012928,0.0046710317063833485,True
damping_20,left_foot,0.001823181034632193,0.02615241495567545,0.0044068127388285985,0.008986728550646611,2,-0.0005931872611714016,0.01076054887409165,3.46399999999984,182.86788246117408,0.004607919203722086,True
damping_20,right_foot,0.0034442231279298765,0.057244930896583,0.004433529588145621,0.014326787472381655,2,-0.0005664704118543791,0.023265584575991146,3.46399999999984,161.6108522812337,0.004096328229717963,True
damping_20,left_foot,0.0018219758715354818,0.026464446326688214,0.00440479066800821,0.009040876629430029,2,-0.0005952093319917902,0.018586980893593515,3.4679999999998397,182.9497422307955,0.0034586377313142354,True
damping_20,right_foot,0.0034716014170417574,0.05779310609683752,0.004431074594409647,0.014424127019695612,2,-0.0005689254055903535,0.018705050480302146,3.4679999999998397,161.45877640901242,0.004624350356398047,True
damping_20,left_foot,0.0018363761078332215,0.026778648959554924,0.004401457765167309,0.009096302702335291,2,-0.0005985422348326911,0.010808218313937476,3.471999999999839,182.98344067979502,0.004468675649890662,True
damping_20,right_foot,0.003483339958899802,0.0583376019978539,0.004429996597241345,0.01451916427599204,2,-0.0005700034027586549,0.023083442162788334,3.471999999999839,161.43570822454578,0.004135507094294613,True
damping_20,left_foot,0.0018367212432441348,0.027087671800178507,0.004399689780799701,0.009149980727633115,2,-0.0006003102192002991,0.018275846763171247,3.4759999999998388,183.00740732231105,0.003505870337010781,True
damping_20,right_foot,0.003510940657906985,0.058881414885144194,0.00442759370355332,0.014615559490784802,2,-0.0005724062964466798,0.018599598230093266,3.4759999999998388,161.32384391008844,0.0045734940671894805,True
damping_20,left_foot,0.0018515438380790265,0.027398997916620267,0.00439659864064712,0.009204922849974269,2,-0.0006034013593528799,0.010860193826494864,3.4799999999998383,183.06948248643454,0.004329975867465607,True
damping_20,right_foot,0.003523398412710619,0.05942163515301271,0.004426564297014511,0.014709654930875286,2,-0.000573435702985489,0.022893246489302365,3.4799999999998383,161.28719991950823,0.00417636171881888,True
damping_20,left_foot,0.0018532807061193387,0.027704905641260102,0.00439504784795091,0.009258093533747503,2,-0.0006049521520490901,0.017958411306898736,3.483999999999838,183.03470433696128,0.003566884601555415,True
damping_20,right_foot,0.0035512133115722867,0.059961118194020446,0.004424220812118906,0.014805131287373631,2,-0.0005757791878810937,0.018504893332212828,3.483999999999838,161.2172263247422,0.0045187513425682295,True
damping_20,left_foot,0.0018684869942300797,0.028013096281703186,0.004392172076131719,0.009312511369706417,2,-0.0006078279238682814,0.010927116547963843,3.4879999999998375,183.12410413139264,0.004195259045792701,True
damping_20,right_foot,0.003564364536319159,0.060497061361078686,0.004423247875703626,0.014898307114447812,2,-0.0005767521242963742,0.02269398222413084,3.4879999999998375,161.16736923954358,0.004220081159586859,True
damping_20,left_foot,0.0018714929920864924,0.02831568745517415,0.004390816062375735,0.009365133181530552,2,-0.0006091839376242648,0.017627087792438847,3.491999999999837,183.03197183547735,0.0036445769916476608,True
damping_20,right_foot,0.003592386125751296,0.06103222154293555,0.0044209728890569,0.014992886241682164,2,-0.0005790271109431004,0.018421572855004266,3.491999999999837,161.1385884959281,0.004447685093348443,True
damping_20,left_foot,0.001887060718305442,0.02862043164639183,0.004388140309282716,0.009418983074430811,2,-0.0006118596907172839,0.01101328518046074,3.4959999999998366,183.1487020358502,0.004068324226012064,True
damping_20,right_foot,0.003606134867122692,0.06156386527849232,0.004420067680677882,0.015085184028103386,2,-0.0005799323193221182,0.022511261698822154,3.4959999999998366,161.07308745909967,0.004244647514490382,True
damping_20,left_foot,0.001891206498517983,0.028919480588130975,0.004386956387551419,0.009471019280588844,2,-0.0006130436124485812,0.017293680718788382,3.499999999999836,182.99916285057878,0.0037215915123272347,True
damping_20,right_foot,0.003634253967960807,0.06209473883306202,0.004417881166946941,0.015178911180386011,2,-0.0005821188330530592,0.018340021802233077,3.499999999999836,161.0865108801375,0.004365609176331493,True
damping_20,left_foot,0.0019070467741432815,0.02922059988958088,0.0043844592287653195,0.00952426355631104,2,-0.0006155407712346876,0.011104143507383962,3.5039999999998357,183.14777608505491,0.003946177969267042,True
damping_20,right_foot,0.003648494215755208,0.0626221605348065,0.004417058865984799,0.015270373764409192,2,-0.0005829411340152009,0.022338111389046914,3.5039999999998357,161.00050360206748,0.0042565153383392895,True
damping_20,left_foot,0.001912172163794684,0.029515964487574452,0.004383425799194748,0.009575679806707958,2,-0.0006165742008052517,0.016966976203410256,3.5079999999998353,182.93841714868753,0.003793828061189591,True
damping_20,right_foot,0.003676637107929681,0.06314886833188413,0.004414971471330992,0.015363288353635568,2,-0.0005850285286690083,0.018262403856002737,3.5079999999998353,161.05965501826523,0.004278878068319318,True
damping_20,left_foot,0.0019281884148498948,0.02981333363005572,0.0043810874057449364,0.009628285992237959,2,-0.0006189125942550637,0.011196285702312092,3.511999999999835,183.1214123006839,0.0038271215177441645,True
damping_20,right_foot,0.0036913037079405286,0.06367221037224967,0.004414236141134308,0.015453950049527036,2,-0.0005857638588656925,0.022166630442888375,3.511999999999835,160.95049540306715,0.004264184474059818,True
damping_20,left_foot,0.0019341397333602446,0.03010490308816566,0.004380187342585752,0.009679051843503764,2,-0.000619812657414248,0.016646546367120936,3.5159999999998344,182.85354209392125,0.0038609184594231537,True
damping_20,right_foot,0.0037194377208083,0.06419491155540712,0.004412246944952299,0.015546082756094728,2,-0.0005877530550477085,0.018191971703572774,3.5159999999998344,161.05490662164186,0.0041901475735213875,True
damping_20,left_foot,0.0019502460045280631,0.03039841768587711,0.0043779921216344775,0.009730992329373186,2,-0.0006220078783655226,0.011290081522618466,3.519999999999834,183.07089764397284,0.0037103682421316267,True
damping_20,right_foot,0.003734492693725585,0.0647143342154704,0.004411594331217079,0.015635971331518828,2,-0.0005884056687829207,0.021992779313564245,3.519999999999834,160.92221690484342,0.004271672917471172,True
damping_20,left_foot,0.001956882886017321,0.030686096674046388,0.004377212283655257,0.009781082270422674,2,-0.0006227877163447427,0.0163314718378813,3.5239999999998335,182.7516412304359,0.00392293297022996,True
damping_20,right_foot,0.003762603579353014,0.06523318994361607,0.004409697128538982,0.015727347475934905,2,-0.000590302871461018,0.018130416667547146,3.5239999999998335,161.06972946109846,0.004100341010313117,True
damping_20,left_foot,0.00197300508440334,0.030975665002683492,0.004375148318048812,0.009832334222999194,2,-0.0006248516819511883,0.011386089018685276,3.527999999999833,182.99768873283142,0.0035955064579361374,True
damping_20,right_foot,0.003778020551540521,0.06574884647252602,0.004409119979845395,0.015816486242421463,2,-0.0005908800201546048,0.021814068990245787,3.527999999999833,160.9144269280049,0.0042809035468406136,True
damping_20,left_foot,0.0019802002317594884,0.031259369245991396,0.004374478922733793,0.009881727183109156,2,-0.0006255210772662069,0.01602121264394281,3.5319999999998326,182.63818246700174,0.003979948202097907,True
damping_20,right_foot,0.0038061020059109133,0.06626400322549955,0.004407307238807168,0.015907127276538355,2,-0.0005926927611928324,0.018078668288240486,3.5319999999998326,161.10238565811113,0.004009738013853642,True
damping_20,left_foot,0.001996275123546831,0.03154491055853385,0.0043725372179450744,0.009932272005305415,2,-0.0006274627820549257,0.011484628411966869,3.535999999999832,182.9030566330914,0.0034823094814884874,True
damping_20,right_foot,0.003821858904925936,0.06677602890247926,0.004406798080066603,0.01599553618288571,2,-0.0005932019199334044,0.021629016508480058,3.535999999999832,160.92601830514914,0.004292797625824807,True
damping_20,left_foot,0.0020039133387441815,0.03182456667634726,0.004371970995601972,0.009980950866704592,2,-0.0006280290043980284,0.01571559119583468,3.5399999999998317,182.50633817928403,0.004031996680352915,True
damping_20,right_foot,0.003849907714267245,0.06728761246118276,0.004405062755392403,0.016085460573270413,2,-0.0005949372446075974,0.01803725808543479,3.5399999999998317,161.15146363816606,0.003918406189764605,True
damping_20,left_foot,0.0020198873948089184,0.03210601190576383,0.004370144631704251,0.010030773730927502,2,-0.0006298553682957493,0.011585758104435212,3.5439999999998313,182.7888697126042,0.0033706455163908006,True
damping_20,right_foot,0.003865983371766084,0.0677961218540473,0.004404614985958989,0.016173156958952304,2,-0.000595385014041004,0.021436854372766483,3.5439999999998313,160.95566007898256,0.004307756311120379,True
damping_20,left_foot,0.0020278646366758577,0.03238155838067033,0.004369676002421184,0.010078724901922551,2,-0.0006303239975788159,0.015414666617507468,3.547999999999831,182.3573119368134,0.0040790756670731065,True
damping_20,right_foot,0.003893997166358095,0.06830423726922338,0.004402951109319417,0.01626238084362676,2,-0.0005970488906805833,0.018006481209541708,3.547999999999831,161.21572538449894,0.003826358326812996,True
damping_20,left_foot,0.00204369298219356,0.03265885108456347,0.004367959390661494,0.01012781432641277,2,-0.0006320406093385062,0.011689317684163812,3.5519999999998304,182.6550555948915,0.003260431780718122,True
damping_20,right_foot,0.003910369806108182,0.06880932568408318,0.004402559248490805,0.01634938001355082,2,-0.0005974407515091954,0.021237322014263725,3.5519999999998304,161.00289905088965,0.004325887344307237,True
damping_20,left_foot,0.002051915509716009,0.032930238934227675,0.0043675838046634274,0.010175027335270752,2,-0.0006324161953365727,0.015118626653879605,3.55599999999983,182.19219216886484,0.004121096223472544,True
damping_20,right_foot,0.003938346080198061,0.06931405991052592,0.004400961943650264,0.016437917710995422,2,-0.0005990380563497362,0.01798647257322682,3.55599999999983,161.29403439477173,0.003732073898471637,True
damping_20,left_foot,0.0020675607008560234,0.03320333340049627,0.004365972145159831,0.010223374340822471,2,-0.0006340278548401758,0.011794819308287033,3.5599999999998295,182.50250001669048,0.003152028877613057,True
damping_20,right_foot,0.003954973131632679,0.069815803144154,0.004400622214334848,0.01652424056712002,2,-0.0005993777856651518,0.02103497384922404,3.5599999999998295,161.0665816234224,0.004350981100606013,True
damping_20,left_foot,0.00207594249071539,0.0334705179734026,0.004365684407557954,0.010269840613056445,2,-0.0006343155924420458,0.014829499641180717,3.563999999999829,182.01194806093665,0.004165714490629841,True
damping_20,right_foot,0.0039829029834358995,0.0703172209039058,0.004399082438482867,0.01661211785755469,2,-0.0006009175615171334,0.0179776139991958,3.563999999999829,161.38521829359098,0.003633580460195679,True
damping_20,left_foot,0.002091377802544416,0.033739368585169245,0.004364160481308124,0.01031744746523177,2,-0.0006358395186918759,0.011898783853529073,3.5679999999998286,182.33616791961146,0.00304743648001846,True
damping_20,right_foot,0.003999727833421883,0.07081566624831385,0.004398796853575394,0.016697796890417917,2,-0.0006012031464246058,0.020829325869830786,3.5679999999998286,161.13980973997624,0.004378221819746217,True
damping_20,left_foot,0.0020998558101402226,0.03400222055227664,0.00436396082190009,0.010363147991517361,2,-0.0006360391780999104,0.014540176396488561,3.571999999999828,181.8215499198776,0.006351680994515376,True
damping_20,right_foot,0.0040275936490273825,0.07131383159602202,0.004397313079467495,0.01678504275514935,2,-0.0006026869205325051,0.01797770781971711,3.571999999999828,161.48175995042237,0.0046459517235097605,True
damping_20,left_foot,0.002118166255775455,0.03425457427762609,0.004361705584505077,0.01041150079164228,2,-0.0006382944154949234,0.013562785666762478,3.5759999999998278,172.74642204671514,0.003423993417242259,True
damping_20,right_foot,0.004040033049340375,0.07181886191986431,0.004393448811882819,0.01687511463224006,2,-0.000606551188117181,0.023226788376961505,3.5759999999998278,170.53832333233805,0.0027896727181964094,True
damping_20,left_foot,0.0021290363840077344,0.034493985279137676,0.004362203829481881,0.010455469759333764,2,-0.0006377961705181191,0.0137893035080642,3.5799999999998273,183.66830978767297,0.004625208567801915,True
damping_20,right_foot,0.004062544207251053,0.07232800430524008,0.004390971017357886,0.016964437597040225,2,-0.0006090289826421067,0.0171301372092944,3.5799999999998273,159.30691562883837,0.004652753726199307,True
damping_20,left_foot,0.002145239048034036,0.034739039535074415,0.004361666194117736,0.010499674294712723,2,-0.0006383338058822642,0.012147177396802943,3.583999999999827,182.4177172347275,0.0030330499608031006,True
damping_20,right_foot,0.004075863561120788,0.07283110201257764,0.004391037888876438,0.017050282421102195,2,-0.000608962111123562,0.021670986390733716,3.583999999999827,160.86529911707873,0.00360528814774164,True
damping_20,left_foot,0.0021539479868265443,0.03498282833341904,0.004361985556057539,0.010542288808327926,2,-0.000638014443942461,0.014059536603625298,3.5879999999998264,181.15958788796146,0.004349914236179331,True
damping_20,right_foot,0.004100836703782275,0.07333130827993972,0.004390022792833792,0.01713739196857097,2,-0.0006099772071662081,0.017523877677833838,3.5879999999998264,161.97991359461867,0.004124997911247879,True
damping_20,left_foot,0.002168835189988497,0.03523174541527222,0.004360769574739715,0.010586298951192293,2,-0.0006392304252602855,0.012002563132902908,3.591999999999826,181.87543974947926,0.002998504070798975,True
damping_20,right_foot,0.004116311061013133,0.07382650733422745,0.004390302727011221,0.01722219026800174,2,-0.0006096972729887793,0.021042183650888915,3.591999999999826,161.32550316701395,0.004008919040944413,True
damping_20,left_foot,0.0021769705063820087,0.03547659685773123,0.0043606699686730074,0.0106285755796998,2,-0.0006393300313269927,0.013897128017117184,3.5959999999998256,181.00590089356876,0.006463596292047164,True
damping_20,right_foot,0.004142468121521593,0.07432037979337891,0.0043893725125600525,0.017308416453697968,2,-0.0006106274874399477,0.01775264078414543,3.5959999999998256,162.02381749411018,0.0050046632177724,True
damping_20,left_foot,0.0021943067741069665,0.0357129548084302,0.004358402575799503,0.010673759041855555,2,-0.0006415974242005044,0.013547902955547461,3.599999999999825,172.74858693402308,0.003206590612889976,True
damping_20,right_foot,0.004155175059095022,0.07481977584862372,0.004386188027403204,0.01739720762256943,2,-0.0006138119725967962,0.02290897110922716,3.599999999999825,170.2522857724742,0.0028032157341217464,True
damping_20,left_foot,0.0022046806070935275,0.03593586868344385,0.004358997620697115,0.010714350196639542,2,-0.000641002379302885,0.013096485641163226,3.6039999999998247,182.93404945999845,0.004728128312955101,True
damping_20,right_foot,0.004177354338723341,0.07532237918122725,0.004384134988840195,0.017485409875604062,2,-0.000615865011159805,0.017126417810933305,3.6039999999998247,159.73832940313852,0.004725770469359028,True
damping_20,left_foot,0.002220116840081942,0.036165405886223564,0.004358444153469483,0.010755396178573542,2,-0.0006415558465305169,0.012239818663304383,3.6079999999998242,181.739867409712,0.002914437969304913,True
damping_20,right_foot,0.004191657922380764,0.07581846667886447,0.004384709526905561,0.017569766462669032,2,-0.0006152904730944387,0.02103567481374112,3.6079999999998242,161.23747213779305,0.0037899279446264563,True
damping_20,left_foot,0.0022283490470484694,0.03639384365896982,0.004358792933884824,0.010794879173736276,2,-0.0006412070661151762,0.013318502085977218,3.611999999999824,180.37505707912578,0.004476758020861089,True
damping_20,right_foot,0.0042167428795333506,0.07631128743735587,0.004384061412656411,0.017655427285371585,2,-0.0006159385873435895,0.0176877714811874,3.611999999999824,162.46394711245287,0.004093856360868207,True
damping_20,left_foot,0.0022425070658610192,0.036627987790258096,0.004357522772240052,0.010835975865381167,2,-0.0006424772277599479,0.01221385411616455,3.6159999999998234,181.1724638330371,0.0030714182607941153,True
damping_20,right_foot,0.004233334668633172,0.07679913160901712,0.004384700878207817,0.017738664766588082,2,-0.0006152991217921828,0.020304960514839182,3.6159999999998234,161.71867908870888,0.004257534144756187,True
damping_20,left_foot,0.002250124063145714,0.03685758609216299,0.004357498984502474,0.010875217791970735,2,-0.0006425010154975262,0.013068831754251513,3.619999999999823,180.25107220003102,0.0044447659431059465,True
damping_20,right_foot,0.004259703287216609,0.07728548960288427,0.004384017350373824,0.017823426611564136,2,-0.0006159826496261759,0.018010229144445028,3.619999999999823,162.46003239447552,0.0037297604338531773,True
damping_20,left_foot,0.0022638223534059724,0.03709070618963843,0.004356024488053452,0.010915974622461237,2,-0.0006439755119465483,0.012354946602501887,3.6239999999998225,180.8494539638155,0.0030849354375193996,True
damping_20,right_foot,0.004277499952704248,0.07776828827716493,0.004384620529876669,0.017905765411681176,2,-0.000615379470123331,0.019684736811222465,3.6239999999998225,161.92193560125827,0.004591532928689885,True
damping_20,left_foot,0.0022711979382086626,0.03731752699467204,0.004356029186824394,0.010954639156858875,2,-0.0006439708131756065,0.012707739382096796,3.627999999999822,180.05423910097042,0.004499943469457535,True
damping_20,right_foot,0.004304648226969308,0.07825012652183957,0.004383815567777977,0.01798979520852749,2,-0.0006161844322220235,0.018289739970930287,3.627999999999822,162.53044936653856,0.0034324774825465133,True
damping_20,left_foot,0.002284694894048928,0.03754700441955631,0.004354590319286748,0.010994850083759389,2,-0.0006454096807132518,0.012549161749584781,3.6319999999998216,180.55758437396014,0.0030316328639868623,True
damping_20,right_foot,0.004323351493953575,0.0787290516498778,0.004384363646012628,0.01807130186402744,2,-0.0006156363539873725,0.01910195439579766,3.6319999999998216,162.0877369904472,0.0049004687721806725,True
damping_20,left_foot,0.00229196197681842,0.03776919571242871,0.0043547940498587095,0.011032757687121732,2,-0.0006452059501412906,0.012284476529020956,3.635999999999821,179.82826253994497,0.004603386635127691,True
damping_20,right_foot,0.00435117916760818,0.07920703056590482,0.00438341324867552,0.018154674608916763,2,-0.0006165867513244728,0.018578367260480465,3.635999999999821,162.6305299892351,0.0031336642849658083,True
damping_20,left_foot,0.002305406920162941,0.03799384786329575,0.004353468893640328,0.011072312712461632,2,-0.0006465311063596725,0.012776461625314468,3.6399999999998207,180.26293235291212,0.0029365683212874225,True
damping_20,right_foot,0.004370731557211616,0.07968246394347703,0.004383923919780701,0.018235366384303172,2,-0.0006160760802192992,0.018527391182145726,3.6399999999998207,162.25278970157018,0.0052271256110875885,True
damping_20,left_foot,0.0023126373600899134,0.03821056474250174,0.00435392621331198,0.01110935036898648,2,-0.0006460737866880199,0.011811771831866316,3.6439999999998203,179.5772767694413,0.004741426941633552,True
damping_20,right_foot,0.004399289550855527,0.08015674441376883,0.0043828312237247855,0.01831812290683822,2,-0.0006171687762752147,0.018904289942463917,3.6439999999998203,162.75678378285656,0.0028053031834063785,True
damping_20,left_foot,0.0023261529893863395,0.03842988934264825,0.004352714665092662,0.011148183210831396,2,-0.000647285334907338,0.013033741431208733,3.64799999999982,179.95127878880226,0.0028063089667233593,True
damping_20,right_foot,0.004419733555571261,0.08062877247436301,0.004383333584924702,0.01839800090114684,2,-0.0006166664150753049,0.01794964757844507,3.64799999999982,162.43210202800782,0.005636748700339862,True
damping_20,left_foot,0.0023334264822306478,0.03864123794016305,0.004353428608620202,0.011184353111205785,2,-0.0006465713913797978,0.011306219470065043,3.6519999999998194,179.31000609115677,0.004912149960925664,True
damping_20,right_foot,0.004449150134740042,0.08109848988754041,0.004382113754135893,0.01848010030926058,2,-0.0006178862458641075,0.01926467735254527,3.6519999999998194,162.8964478983209,0.0027092423336811844,True
damping_20,left_foot,0.002347175266443191,0.038855994915637064,0.004352278841633271,0.011222599678174561,2,-0.0006477211583667359,0.013323118687804461,3.655999999999819,179.62493084337987,0.002679598332739746,True
damping_20,right_foot,0.004470457266246902,0.08156560652932214,0.004382690424486947,0.01855903289242221,2,-0.0006173095755130529,0.017348666763159055,3.655999999999819,162.61610093285884,0.006127841687232493,True
damping_20,left_foot,0.002354537434353278,0.039062727982535156,0.0043532320736020536,0.011258025372197292,2,-0.0006467679263979466,0.01082036966347935,3.6599999999998185,179.0355599099933,0.005083143542756568,True
damping_20,right_foot,0.0045008469893774725,0.08202911676633795,0.004381394500906681,0.018640361617488117,2,-0.0006186054990933191,0.01966222511641089,3.6599999999998185,163.0354861734373,0.002651008015245864,True
damping_20,left_foot,0.0023685964350784734,0.03927389561880255,0.004352107333585729,0.011295862456625443,2,-0.0006478926664142707,0.013613989084822049,3.663999999999818,179.2979425229035,0.0025611996360789106,True
damping_20,right_foot,0.004523090544526972,0.0824897022713291,0.004382122209596578,0.018718168115613814,2,-0.0006178777904034148,0.01671975860788926,3.663999999999818,162.79900378689288,0.006766206169496573,True
damping_20,left_foot,0.0023761120235145177,0.03947807176222723,0.0043532911649741685,0.011330886720829058,2,-0.0006467088350258316,0.010372533935232884,3.6679999999998176,178.76686440004045,0.005305283003979531,True
damping_20,right_foot,0.004554664223568066,0.08294327556775914,0.0043807923355870665,0.018798426863813538,2,-0.0006192076644129336,0.020100349073789908,3.6679999999998176,163.16061131646862,0.002605047315277153,True
damping_20,left_foot,0.00239063359333006,0.03968743464357053,0.004352134159234432,0.011368698152691866,2,-0.0006478658407655684,0.013913520916329657,3.671999999999817,178.97437771174646,0.002406082834305601,True
damping_20,right_foot,0.004578046747381832,0.0833943487959509,0.004381771555301901,0.018874713799388782,2,-0.0006182284446980988,0.016020501981944667,3.671999999999817,162.9681249188916,0.007588841572353441,True
damping_20,left_foot,0.0023984631944556755,0.03989030960939135,0.00435360168684374,0.011403562820303994,2,-0.0006463983131562599,0.009914174259130604,3.6759999999998167,178.5310315570852,0.0057316426264437045,True
damping_20,right_foot,0.004611155454011401,0.08383470224185703,0.004380415779042669,0.018953615305290224,2,-0.0006195842209573239,0.020618297017841385,3.6759999999998167,163.23766605955228,0.002532656425841146,True
damping_20,left_foot,0.002413822301642608,0.040098422995910724,0.00435238430488355,0.011441733544149724,2,-0.0006476156951164434,0.014271481793952533,3.6799999999998163,178.651848435801,0.0021448177056983507,True
damping_20,right_foot,0.00463579007884732,0.08427340697162608,0.004381747591543847,0.01902806597929436,2,-0.0006182524084561531,0.015328192805240972,3.6799999999998163,163.11197942776315,0.008499449065545502,True
damping_20,left_foot,0.0024223117728741626,0.04029964246981323,0.004354304002007307,0.011476537955145524,2,-0.0006456959979926928,0.009426083677738454,3.683999999999816,178.40667183635685,0.006443417170550437,True
damping_20,right_foot,0.004670527812519036,0.08469779417222881,0.004380404403181382,0.01910543580178095,2,-0.0006195955968186185,0.021142333934394606,3.683999999999816,163.22566764169773,0.002455873684796076,True
damping_20,left_foot,0.0024391182574419836,0.04050574557656802,0.004353075263477425,0.011515428035495594,2,-0.0006469247365225748,0.014730143474592419,3.6879999999998154,178.33596069173976,0.0017489949416123383,True
damping_20,right_foot,0.004696509392456685,0.0851215396077185,0.0043822099903050235,0.019177680059325984,2,-0.0006177900096949766,0.014642336562855693,3.6879999999998154,163.25690277032788,0.009726052110732943,True
damping_20,left_foot,0.0024488019266203174,0.040704777069947254,0.004355690754408281,0.011550268690849595,2,-0.0006443092455917189,0.008898781384133697,3.691999999999815,178.39287901359734,0.007502064644940738,True
damping_20,right_foot,0.004733293613149037,0.08552486057927296,0.004380869140522235,0.019253365827731447,2,-0.0006191308594777579,0.021789423102207398,3.691999999999815,163.16239072760467,0.002410228011662682,True
damping_20,left_foot,0.0024677959877101286,0.04090902157602164,0.004354390275310045,0.01159041280645954,2,-0.0006456097246899618,0.015230580402397465,3.6959999999998145,178.14827053085955,0.0017958324311954082,True
damping_20,right_foot,0.004761292437117221,0.08592775647869913,0.004383517709010805,0.019322753144798616,2,-0.0006164822909891952,0.013946617375851789,3.6959999999998145,163.34765134672273,0.012271746010478727,True
damping_20,left_foot,0.0024793878003703937,0.04110456907810347,0.0043579886818545036,0.011625260238067703,2,-0.0006420113181454965,0.008334728406312997,3.699999999999814,178.31239370608506,0.010353806372729382,True
damping_20,right_foot,0.004802370292521057,0.08629277773084235,0.004382267539195656,0.019397323808636454,2,-0.0006177324608043445,0.02335357945203017,3.699999999999814,163.18554416049682,0.002702728622586627,True
damping_20,left_foot,0.0025036061731583893,0.04129803355506675,0.004356326991347956,0.011669204570350339,2,-0.0006436730086520443,0.016628854059965715,3.7039999999998137,178.33539853608852,0.0022549683106294675,True
damping_20,right_foot,0.004835388166645668,0.08665558224230267,0.004387187856262929,0.019462240827052193,2,-0.0006128121437370708,0.013716380356678855,3.7039999999998137,163.07441314417332,0.01598565360058369,True
damping_20,left_foot,0.0025208570533919563,0.04146963289994492,0.0043629206895997585,0.011703138673377224,2,-0.0006370793104002416,0.0076271419036751985,3.7079999999998132,179.7476064431835,0.010855938737426848,True
damping_20,right_foot,0.0048841209330377925,0.0869638684517102,0.004387284016614361,0.019534806749946235,2,-0.0006127159833856461,0.02633839701528487,3.7079999999998132,161.50676300462288,0.0054377742639330345,True
damping_20,left_foot,0.0025487298810764943,0.04164966727958753,0.004363533173417179,0.01174502205604716,2,-0.0006364668265828209,0.01741472338997707,3.711999999999813,179.15837532240377,0.002416334986912435,True
damping_20,right_foot,0.004925239984244483,0.08728128785295643,0.004395091006722307,0.019595983576727503,2,-0.0006049089932776931,0.01565677304869239,3.711999999999813,161.86108310296274,0.018180128455170422,True
damping_20,left_foot,0.002567502895460147,0.04181737464875127,0.00437031160612681,0.011778269271281845,2,-0.0006296883938731899,0.0076201007159148945,3.7159999999998123,178.57064557383768,0.01154508344292363,True
damping_20,right_foot,0.004982405937817957,0.08756519463360722,0.004397114410785101,0.019665148028087606,2,-0.0006028855892148991,0.030318472962079436,3.7159999999998123,162.51036633100745,0.0068983893160824645,True
damping_20,left_foot,0.002598120308797601,0.04199785947252554,0.004370500381076774,0.011819858835099287,2,-0.0006294996189232264,0.018659954810502272,3.719999999999812,178.07296904174862,0.0019709291318980807,True
damping_20,right_foot,0.005029607732576029,0.08787195942685315,0.004404563951963078,0.019724744212666557,2,-0.0005954360480369221,0.017257325855896247,3.719999999999812,162.7729395137811,0.01710186325243533,True
damping_20,left_foot,0.002619997173140169,0.04216674163727731,0.004376570151299122,0.011852805399054846,2,-0.0006234298487008778,0.007891192895007042,3.7239999999998115,177.86945604284915,0.012536062945653221,True
damping_20,right_foot,0.005088812530557942,0.08816997230747003,0.0044053812915468005,0.01979197085399824,2,-0.0005946187084531996,0.02962499822836417,3.7239999999998115,162.94198643696282,0.006078597223657452,True
damping_20,left_foot,0.0026550443740397914,0.04234974711423792,0.004376030262451092,0.011893990897583109,2,-0.0006239697375489085,0.02118766077047662,3.727999999999811,177.08690533784716,0.0021084303753524433,True
damping_20,right_foot,0.005135371877433022,0.0884951838213968,0.004410277917541089,0.019851089586501294,2,-0.0005897220824589112,0.016182502427344272,3.727999999999811,163.64795958190214,0.018406150174876824,True
damping_20,left_foot,0.002678816089160232,0.042520958144705155,0.004381102550983736,0.01192655845616029,2,-0.0006188974490162714,0.00792882708658266,3.7319999999998106,177.93641069371483,0.012295032135108979,True
damping_20,right_foot,0.005198728354883663,0.08879846481232195,0.004408794578684837,0.019918782816792206,2,-0.0005912054213151633,0.03130815492582801,3.7319999999998106,162.80459883202087,0.006993653000855649,True
damping_20,left_foot,0.0027153651818772016,0.04270975396493643,0.004379564694180778,0.011967005707045682,2,-0.0006204353058192223,0.021135644360734306,3.73599999999981,177.03511618003733,0.0019378649443981693,True
damping_20,right_foot,0.005249957296123126,0.08912400537786216,0.0044125597585896875,0.0199774504671568,2,-0.0005874402414103126,0.01745961067224759,3.73599999999981,163.48786956544183,0.018616238230506572,True
damping_20,left_foot,0.002739359577838048,0.04288554217426861,0.004383440841610339,0.01199910952953141,2,-0.0006165591583896608,0.007748111798716764,3.7399999999998097,176.65025410995113,0.012577027350390497,True
damping_20,right_foot,0.005317599860173952,0.08943495707434604,0.004410251311185852,0.020044169898340965,2,-0.0005897486888141483,0.03235017916966386,3.7399999999998097,163.94983268231363,0.007056637645943979,True
damping_20,left_foot,0.0027781285661902023,0.04307698707393905,0.004381051831567437,0.012039032340417057,2,-0.0006189481684325633,0.021948992662156972,3.7439999999998093,176.1743181436408,0.0021168950919015846,True
damping_20,right_foot,0.0053708858428211685,0.08976921148613004,0.004412394059083884,0.020102823586027347,2,-0.0005876059409161095,0.017526144041148998,3.7439999999998093,164.24809517321023,0.01844661326953344,True
damping_20,left_foot,0.0028035497544577214,0.04325332581079355,0.004384147378659602,0.012070663210409126,2,-0.0006158526213403915,0.00787861118220425,3.747999999999809,176.08839329557978,0.012779811664771172,True
damping_20,right_foot,0.005440780677713647,0.09009022473732879,0.004408784961970724,0.02016927523232516,2,-0.0005912150380292759,0.03243799905103826,3.747999999999809,164.35897315469504,0.00688174060938092,True
damping_20,left_foot,0.0028448468200121054,0.043444912273235985,0.004381298648406619,0.012109810787773165,2,-0.0006187013515933813,0.02275864981788363,3.7519999999998084,175.48376654337434,0.0022382073621653145,True
damping_20,right_foot,0.005494999218187526,0.09043241610777308,0.004409636462358327,0.02022792072609077,2,-0.0005903635376416734,0.01731762045263994,3.7519999999998084,164.80225007624819,0.018225518513202588,True
damping_20,left_foot,0.0028715354270104658,0.0436209258276047,0.004383732167132566,0.01214097425400552,2,-0.0006162678328674341,0.00797835576237785,3.755999999999808,175.4133253745079,0.012961477146337334,True
damping_20,right_foot,0.00556660399382757,0.09076117898576962,0.004405232123256941,0.020294014108216612,2,-0.0005947678767430587,0.03243966771537606,3.755999999999808,164.89492863023648,0.006661384920790808,True
damping_20,left_foot,0.0029153221898474556,0.04381154392052603,0.00438054486967758,0.01217937910998515,2,-0.00061945513032242,0.023501351312698822,3.7599999999998075,174.6490195238066,0.0023492998763023133,True
damping_20,right_foot,0.005621319111664378,0.09110926754132098,0.004405160798695469,0.02035270448751576,2,-0.000594839201304531,0.017025528326840077,3.7599999999998075,165.50060818450248,0.017942110977507635,True
damping_20,left_foot,0.0029432831590468604,0.04398599705710404,0.004382487332195387,0.012210055217203752,2,-0.0006175126678046134,0.008096894909279674,3.763999999999807,174.695232497385,0.013117661684051369,True
damping_20,right_foot,0.005694148390925171,0.09144382017370184,0.004400289057560958,0.020418476330018323,2,-0.0005997109424390424,0.032314596919796996,3.763999999999807,165.45820108275913,0.006394759731060417,True
damping_20,left_foot,0.002989594478316769,0.04417437453995854,0.004379146904245922,0.01224765608316604,2,-0.0006208530957540785,0.02420774778801801,3.7679999999998066,173.74568617708226,0.0024446391037992827,True
damping_20,right_foot,0.005748926283770364,0.09179628891105611,0.0043995818297123054,0.020477256418641173,2,-0.0006004181702877016,0.016668829633188248,3.7679999999998066,166.25930590813795,0.017630222567001568,True
damping_20,left_foot,0.0030188134565812003,0.0443464243164428,0.004380727858037253,0.01227783837566767,2,-0.0006192721419627468,0.008215600935448044,3.771999999999806,173.90878798907266,0.013246833715795237,True
damping_20,right_foot,0.005822602075116713,0.09213510844316042,0.004394492187033049,0.020542748680853685,2,-0.0006055078129669584,0.03212754303824491,3.771999999999806,166.0785899511524,0.006106751271003423,True
damping_20,left_foot,0.0030676448833319332,0.04453179195977764,0.004377352164988517,0.012314616441750446,2,-0.0006226478350114901,0.024863367236612012,3.7759999999998057,172.7843753525467,0.002523213042990174,True
damping_20,right_foot,0.005877134598094221,0.09249083998907448,0.004393359909943079,0.020601670648158592,2,-0.0006066400900569214,0.016289957857475963,3.7759999999998057,167.06556681258567,0.0172972642438487,True
damping_20,left_foot,0.0030980945109887353,0.044700946702209386,0.004378659232943546,0.012344311015593717,2,-0.0006213407670564537,0.008327727983661083,3.7799999999998053,173.0799855199346,0.01322836322400688,True
damping_20,right_foot,0.0059513547872391175,0.09283291358213012,0.004388224296549198,0.020666932593991667,1,-0.0006117757034508021,0.031900284856937126,3.7799999999998053,165.11051943779637,0.0049343798866333536,True
damping_20,left_foot,0.0031487720765864292,0.044879653891505986,0.004375318315224391,0.012379546910727155,2,-0.0006246816847756088,0.0252557830615917,3.783999999999805,171.8004527974045,0.0023610181803109067,True
damping_20,right_foot,0.0060119636592402,0.09353558609933951,0.004382006676589639,0.02068302857978467,2,-0.0006179933234103678,0.017708876360619245,3.783999999999805,169.56474054265271,0.007870514991748982,True
damping_20,left_foot,0.0031786100895626803,0.04504310499879585,0.004375599062484789,0.012408139468879018,2,-0.0006244009375152111,0.0076038994078663664,3.7879999999998044,174.15336970267242,0.012147618461957471,True
damping_20,right_foot,0.006085426730771184,0.09413287962149201,0.0043758112885076555,0.020719733461536518,2,-0.0006241887114923446,0.03192265749912303,3.7879999999998044,166.63016467437444,0.0019583437934392782,True
damping_20,left_foot,0.003231159619668201,0.045218477580376164,0.00437285543209788,0.012439806620778437,2,-0.0006271445679021269,0.02671616848583849,3.791999999999804,168.8010043753796,0.0015213746134146806,True
damping_20,right_foot,0.006121421913788474,0.09465947286200621,0.004367695122150364,0.02077361304004127,2,-0.0006323048778496361,0.011958851643082297,3.791999999999804,172.67244366118226,0.012133674505104323,True
damping_20,left_foot,0.0032593526179975026,0.04539607135483699,0.004371723742066694,0.01246904013944215,2,-0.0006282762579333063,0.0069552044211849675,3.7959999999998035,170.21129348422608,0.013437646592094588,True
damping_20,right_foot,0.006177865462098707,0.0950748869266103,0.004357823238227802,0.020840989539298825,2,-0.0006421767617721978,0.026030243077186172,3.7959999999998035,170.2590846712816,0.0023653976204855566,True
damping_20,left_foot,0.0033129044187615512,0.045582357781391185,0.004366865568788354,0.012505296159330066,2,-0.0006331344312116459,0.0260540972728411,3.799999999999803,168.57834784648412,0.002589847960114786,True
damping_20,right_foot,0.006213064910080536,0.09545470399446235,0.004352878341891124,0.020906540811452937,2,-0.0006471216581088761,0.01235689113280054,3.799999999999803,171.43800965962856,0.014322917705132717,True
damping_20,left_foot,0.0033461290988909672,0.04574432663502503,0.004367501172942143,0.012534176167552036,2,-0.0006324988270578575,0.008535968713740643,3.8039999999998027,171.349659774478,0.011418382872271022,True
damping_20,right_foot,0.006270786361645402,0.09576901063630937,0.004347394444969177,0.020977971533203705,2,-0.0006526055550308231,0.02565568173180485,3.8039999999998027,168.06734347835527,0.004032538029618676,True
damping_20,left_foot,0.0033974079692083536,0.04591856807756752,0.004364678886992351,0.012566965628678126,2,-0.0006353211130076487,0.02354496513289051,3.807999999999802,169.99081283805526,0.0012216897572653088,True
damping_20,right_foot,0.0063113220668987585,0.09608437085523494,0.004349724091771201,0.02104139398483048,2,-0.0006502759082287991,0.013440137300256165,3.807999999999802,168.98978432519942,0.015267417197249068,True
damping_20,left_foot,0.0034233955179114877,0.04608371622373192,0.004364594752186736,0.01259550930546522,2,-0.0006354052478132642,0.006418756176656767,3.8119999999998018,167.1190421386132,0.011504585598554672,True
damping_20,right_foot,0.006375690823999046,0.0963696800342254,0.004349671934308685,0.021110076909480812,2,-0.0006503280656913147,0.02822254778545457,3.8119999999998018,172.19981936693563,0.004481322004495958,True
damping_20,left_foot,0.003473147104921041,0.04625906844120917,0.004361102976777768,0.012628761315990295,2,-0.0006388970232222386,0.02320218502255388,3.8159999999998013,169.11806325235756,0.0012557848913989892,True
damping_20,right_foot,0.006419235702574477,0.09667398290413483,0.004353601612509368,0.021173036078481682,2,-0.0006463983874906319,0.013813038899963884,3.8159999999998013,169.6513646951992,0.014973447152282344,True
damping_20,left_foot,0.0034995699418043868,0.0464175227227258,0.004361364826540481,0.012656630272951018,2,-0.0006386351734595187,0.006443051707397416,3.819999999999801,167.0637944593494,0.01170554697109098,True
damping_20,right_foot,0.006484685043811077,0.09696274725250488,0.004353903849921764,0.021241158345125657,2,-0.000646096150078236,0.028236970363812387,3.819999999999801,171.7277323698503,0.0041665186438946174,True
damping_20,left_foot,0.003551572888501325,0.0465849302199467,0.004358533401314535,0.012688720032396836,2,-0.0006414665986854652,0.023893667862343176,3.8239999999998004,168.9306633170989,0.001322899502341272,True
damping_20,right_foot,0.006527795229953314,0.09727514273760986,0.004357206152336174,0.021303970684799393,2,-0.0006427938476638263,0.013598410089184769,3.8239999999998004,169.5319530580091,0.014964558175758567,True
damping_20,left_foot,0.0035789619042041723,0.04673797865609621,0.004358957386354251,0.01271590971301374,2,-0.0006410426136457493,0.006451704878740298,3.8279999999998,167.12478451919816,0.011788913239557944,True
damping_20,right_foot,0.00659439005490392,0.09757365272803087,0.004356763241222056,0.021371816793427176,2,-0.0006432367587779512,0.028535078615566326,3.8279999999998,171.39816023290334,0.004071188602813908,True
damping_20,left_foot,0.0036327539094722834,0.046900584984734844,0.0043563342493146,0.012747126670471329,2,-0.0006436657506854,0.024328473764604546,3.8319999999997996,168.77535599423538,0.0012581162414572438,True
damping_20,right_foot,0.0066381591626586516,0.09789544540605846,0.004359050324850684,0.021434553005078193,2,-0.0006409496751493089,0.01358795446306317,3.8319999999997996,169.37426680008852,0.014948081313242413,True
damping_20,left_foot,0.003660645533469922,0.047049474282642584,0.004356758228319567,0.01277366336834898,2,-0.0006432417716804263,0.006362344504976231,3.835999999999799,167.09607013050447,0.011852704871635027,True
damping_20,right_foot,0.006706284304365129,0.09820429012487007,0.004357801852097103,0.021502039445389944,2,-0.0006421981479028975,0.028890276325742033,3.835999999999799,171.13599081987454,0.003971540701121262,True
damping_20,left_foot,0.003716070886387281,0.04720764650855115,0.004354288842817543,0.012804029255153036,2,-0.0006457111571824574,0.0247661152331841,3.8399999999997987,168.5339711203922,0.0011505482734277728,True
damping_20,right_foot,0.0067506449199881075,0.0985353567148487,0.004359050567196418,0.021564743905032352,2,-0.0006409494328035821,0.013557287099657454,3.8399999999997987,169.3393309968791,0.014909426774234283,True
damping_20,left_foot,0.0037443910807623344,0.04735253155583336,0.004354705619045836,0.012829933862614669,2,-0.0006452943809541643,0.0062562356826428205,3.8439999999997982,167.06130593728636,0.011862196076057777,True
damping_20,right_foot,0.006820102522249147,0.09885320303473423,0.0043570865690126595,0.021631895931640048,2,-0.0006429134309873406,0.029178411004638607,3.8439999999997982,170.87268599119517,0.0038655590521105157,True
damping_20,left_foot,0.0038012563367945305,0.047506376398709894,0.00435238690368301,0.012859459160682186,2,-0.00064761309631699,0.025144794826139308,3.847999999999798,168.28694103026513,0.0010057721681145495,True
damping_20,right_foot,0.0068648973727151105,0.09919178029966469,0.004357503482187879,0.021694541206972673,2,-0.0006424965178121215,0.013514780057445816,3.847999999999798,169.3367005162771,0.01486322848474228,True
damping_20,left_foot,0.003829831590705155,0.04764737007668834,0.004352788735691164,0.012884734736861705,2,-0.000647211264308843,0.006120698796476629,3.8519999999997974,167.00351129517048,0.01183978375233717,True
damping_20,right_foot,0.006935545818902178,0.09951644391592127,0.004355072588137283,0.02176131895482441,2,-0.0006449274118627167,0.02943960095400936,3.8519999999997974,170.62624484090355,0.0036611871174595735,True
damping_20,left_foot,0.0038879961066784485,0.04779697764490398,0.004350609127633173,0.01291342688976439,1,-0.0006493908723668269,0.02548173530226204,3.855999999999797,166.5255175016901,0.007375596611901034,True
damping_20,right_foot,0.006980373802723271,0.09986045373222872,0.004354917646306709,0.021823944529068995,2,-0.0006450823536932977,0.013385609218230036,3.855999999999797,169.22571049730792,0.0146424695265304,True
damping_20,left_foot,0.003915283325647486,0.04797700873102046,0.004347685876690578,0.012904606038002111,2,-0.0006523141233094288,0.005664337258589045,3.8599999999997965,167.97462565563677,0.005401039856436243,True
damping_20,right_foot,0.007051367801635047,0.10019844691984413,0.004352266893486015,0.021891720918587532,2,-0.0006477331065139853,0.029482635940242544,3.8599999999997965,170.3711343770726,0.0035109139000324315,True
damping_20,left_foot,0.003966188651193514,0.04817152341513517,0.004343870598932001,0.012909745396837084,2,-0.0006561294010679992,0.0234559144336044,3.863999999999796,174.26139657644225,0.00384502600505789,True
damping_20,right_foot,0.00709670024660263,0.10054730257450786,0.004352838773536774,0.021954415046127326,2,-0.000647161226463226,0.013580055759986248,3.863999999999796,163.5840781858565,0.005909162911110483,True
damping_20,left_foot,0.003998597203493676,0.04836200839854624,0.004338777600682318,0.012925255622622766,2,-0.0006612223993176817,0.009446423652185875,3.8679999999997956,166.19778733411462,0.0065064213970894205,True
damping_20,right_foot,0.007143390363663784,0.1009388875128706,0.0043508166977088356,0.022020109767712664,2,-0.0006491833022911576,0.019135970280334855,3.8679999999997956,171.8080718199573,0.0025887851140169883,True
damping_20,left_foot,0.0040488312486264945,0.04852629005528799,0.004333527816987169,0.012946837624560375,2,-0.000666472183012831,0.02228682384505867,3.871999999999795,164.41354024370239,0.006471255022795184,True
damping_20,right_foot,0.007158626154638796,0.10136545412838002,0.00434626153346708,0.022090767435163295,2,-0.00065373846653292,0.013340558426285922,3.871999999999795,173.5069113525766,0.010615615666214244,True
damping_20,left_foot,0.004040528939164659,0.04869083746897891,0.004330005034124007,0.012977610150780469,2,-0.000669994965875993,0.010056598572519759,3.8759999999997947,163.09621730199584,0.005908345475190012,True
damping_20,right_foot,0.00721173384893336,0.10176475731909383,0.004339912383629449,0.02216424014731285,2,-0.0006600876163705511,0.025443175916921735,3.8759999999997947,174.86800904602217,0.00110860361074613,True
damping_20,left_foot,0.004059859394300436,0.04883547629576652,0.004327448064105573,0.013009284223379453,2,-0.0006725519358944275,0.01517905681201929,3.8799999999997943,165.34036815314448,0.005113003768638381,True
damping_20,right_foot,0.0072359143472380165,0.10216543443400304,0.004336486124236129,0.02223455358004111,2,-0.0006635138757638643,0.01260094068675283,3.8799999999997943,170.95553811755764,0.0027837322477263396,True
damping_20,left_foot,0.004051293550164312,0.04896580829291067,0.004328462304708049,0.01303769740318228,2,-0.0006715376952919514,0.007969538685244538,3.883999999999794,164.51258483289655,0.0058054962569739944,True
damping_20,right_foot,0.007293896544562344,0.10255467536585061,0.004331799676797282,0.022302733666272428,1,-0.0006682003232027179,0.027280576474114738,3.883999999999794,170.48199335125355,0.008089079761480981,True
damping_20,left_foot,0.004076675520379906,0.049081362978255126,0.004329827677253914,0.013064685163168745,2,-0.0006701723227460861,0.016823786030656096,3.8879999999997934,163.06911994407488,0.007813608796275785,True
damping_20,right_foot,0.007310176888890072,0.10310175504467502,0.004325562819685817,0.0223563924530215,2,-0.0006744371803141828,0.013231620054214601,3.8879999999997934,174.06712135044106,0.006198853392831068,True
damping_20,left_foot,0.004054978994904112,0.04921380979382106,0.004331266430960136,0.013097156221302794,2,-0.0006687335690398642,0.013211781330272128,3.891999999999793,161.75110447554377,0.006375549597511786,True
damping_20,right_foot,0.007355691564866602,0.10356937927395647,0.004319914684728539,0.022418238276758633,2,-0.0006800853152714613,0.022916372235577492,3.891999999999793,175.37203860978642,0.007179245748920925,True
damping_20,left_foot,0.0040664782948909165,0.04933444692585849,0.00433330256951709,0.013125807468320642,2,-0.0006666974304829097,0.014087953985034337,3.8959999999997925,164.041110871018,0.009901639215326972,True
damping_20,right_foot,0.007355433034332586,0.10400756742484264,0.004315844147449219,0.022489243188212004,2,-0.0006841558525507814,0.01723532340282335,3.8959999999997925,172.0075712641098,0.007169693835763907,True
damping_20,left_foot,0.00403469452668529,0.04947203199425651,0.00433510156526485,0.013158283112666928,2,-0.0006648984347351434,0.01553292110759041,3.899999999999792,162.83303474443974,0.0063019757181036655,True
damping_20,right_foot,0.007387272346639027,0.10438939807525206,0.004311976983336616,0.022563922098792967,2,-0.0006880230166633845,0.019476691488087505,3.899999999999792,173.37994838205185,0.0041760066185117335,True
damping_20,left_foot,0.0040368091296885825,0.0496040482527026,0.004335876100223998,0.0131884423141666,2,-0.0006641238997760019,0.011361195498418821,3.9039999999997916,165.71933787954083,0.008512925592941758,True
damping_20,right_foot,0.007391214259090448,0.10476177154405185,0.004312084544024389,0.022635391650360073,2,-0.0006879154559756113,0.015051197501873292,3.9039999999997916,168.81048663861486,0.007063916253932075,True
damping_20,left_foot,0.00400956620023537,0.04974085124911781,0.004336898436989194,0.013218099615348623,2,-0.0006631015630108065,0.012868095225297138,3.907999999999791,163.90314759201692,0.0060576567743218885,True
damping_20,right_foot,0.007424231104883217,0.10511061899250723,0.004312054376722926,0.02270678083396244,2,-0.0006879456232770738,0.01883981975072806,3.907999999999791,171.18467196662473,0.0042242283078697054,True
damping_20,left_foot,0.0040197147501409335,0.04987148429491668,0.004336371975444155,0.013247080476349257,2,-0.0006636280245558455,0.012712518551720507,3.9119999999997908,164.75546579328343,0.007805709429862167,True
damping_20,right_foot,0.007427430948905246,0.10546292874914304,0.004314618899697822,0.022774735814525205,2,-0.0006853811003021777,0.01487534885546305,3.9119999999997908,169.47573432305532,0.008891685377797108,True
damping_20,left_foot,0.003995371718759063,0.05000073693323006,0.004337331315039328,0.013274578757558289,2,-0.0006626686849606723,0.012717624756868719,3.9159999999997903,164.03533741346476,0.0055283493859350765,True
damping_20,right_foot,0.007465786921623068,0.1057851224920354,0.004316120530776596,0.022843338142507556,2,-0.0006838794692234041,0.020782877012120726,3.9159999999997903,170.3743895324434,0.0017316066769684682,True
damping_20,left_foot,0.0040075743117812136,0.050124426670659236,0.00433660336781104,0.013302404442390295,2,-0.0006633966321889602,0.012528036101520321,3.91999999999979,165.04841725949683,0.00804937939609496,True
damping_20,right_foot,0.007474109043780919,0.10622671735013905,0.004318216357391075,0.02289472192304735,2,-0.0006817836426089253,0.012133997508221592,3.91999999999979,169.69753349484085,0.004954974110332581,True
damping_20,left_foot,0.003979363885864046,0.05025342113208664,0.004336625003944911,0.013331305393145504,1,-0.0006633749960550895,0.014378262794844453,3.9239999999997894,158.61079166538957,0.004880842881338874,True
damping_20,right_foot,0.007510343430645462,0.10672250947168291,0.004318321159493196,0.02294066384620263,2,-0.0006816788405068037,0.020751351150949577,3.9239999999997894,173.24057696994495,0.009543302602155194,True
damping_20,left_foot,0.00401291030851726,0.05035827003055539,0.004334479990660847,0.013344157084572272,2,-0.0006655200093391529,0.02071691378199947,3.927999999999789,163.50494935596953,0.007853059070716753,True
damping_20,right_foot,0.007506774496435458,0.10717380238420483,0.004318580677576997,0.02299885018192147,2,-0.0006814193224230032,0.015682758251596412,3.927999999999789,171.38239259221734,0.00461803305633613,True
damping_20,left_foot,0.004000305667666286,0.05048310096150863,0.004332330945768084,0.013362395599434172,2,-0.0006676690542319159,0.011009399111839537,3.9319999999997886,163.36044109443858,0.0055277311534505285,True
damping_20,right_foot,0.007535340709829201,0.10755899331419512,0.0043180044450807295,0.023063299561268288,2,-0.0006819955549192775,0.018946010780626868,3.9319999999997886,171.5059784421856,0.007144288862157291,True
damping_20,left_foot,0.004016325116708003,0.05060308853401905,0.004329898224022577,0.013384995874175201,2,-0.0006701017759774231,0.013592892327059819,3.935999999999788,163.34153674025413,0.004554251104336817,True
damping_20,right_foot,0.007526960342344972,0.10792121565109318,0.0043176839827374705,0.023133075994129337,2,-0.0006823160172625296,0.016821502350663976,3.935999999999788,170.6052587499692,0.006338778954980999,True
damping_20,left_foot,0.00398448827486841,0.05074971549745019,0.004327889252449708,0.013403774166965577,2,-0.0006721107475502917,0.015752884718018778,3.9399999999997877,164.34740173273246,0.006803622189206713,True
damping_20,right_foot,0.007551913797421267,0.10823824131709885,0.004316815584690312,0.02320454116351923,2,-0.0006831844153096884,0.017776113206417213,3.9399999999997877,169.4956273417928,0.004158449442158588,True
damping_20,left_foot,0.00398069315595488,0.05089951243487298,0.004324551094966808,0.013418508737256613,2,-0.000675448905033185,0.009315813049855794,3.9439999999997872,169.84557700104364,0.007534101997956063,True
damping_20,right_foot,0.00755293889727594,0.10855029081065007,0.004320391166290488,0.02327017843137144,2,-0.000679608833709512,0.013726229067275589,3.9439999999997872,162.46994761010183,0.003109058695752783,True
damping_20,left_foot,0.0039643782568300825,0.05103641371419999,0.004321395774784777,0.013437101926066512,2,-0.0006786042252152234,0.007347760576215371,3.947999999999787,165.6580029636304,0.007244026599762842,True
damping_20,right_foot,0.007562978678206131,0.10888629027596013,0.0043231221183112414,0.02333558785360156,2,-0.0006768778816887517,0.012253171956537197,3.947999999999787,166.81582975516494,0.009802161715390724,True
damping_20,left_foot,0.003986757680411855,0.051145975263922415,0.004318800932177923,0.01345698099024185,2,-0.0006811990678220773,0.01622261690364592,3.9519999999997864,164.18444654329866,0.010417512278493602,True
damping_20,right_foot,0.007535886603636219,0.10923564610066314,0.004324774550259494,0.02340503711052106,2,-0.0006752254497405059,0.02136455649449979,3.9519999999997864,168.3507052901069,0.004273942703762553,True
damping_20,left_foot,0.0039523288044188976,0.051264272057480284,0.00431822173662591,0.013484477686072721,2,-0.00068177826337409,0.016353710799963665,3.955999999999786,161.87731210459668,0.007122164412608707,True
damping_20,right_foot,0.007548684889760663,0.1095514717661263,0.004324618984566757,0.023475003059218492,2,-0.0006753810154332433,0.01482608549270789,3.955999999999786,170.40980656783069,0.007381068600237178,True
damping_20,left_foot,0.00394932777158394,0.051361981463323055,0.004318696226007064,0.013508389741923484,2,-0.000681303773992936,0.010472147493166767,3.9599999999997855,165.6876689601986,0.006023058835679731,True
damping_20,right_foot,0.007532569297541137,0.10987149442433028,0.004326413331291787,0.023542787004190113,1,-0.0006735866687082133,0.01846986075615579,3.9599999999997855,160.81133832947444,0.0033517614666552296,True
damping_20,left_foot,0.00389772215880612,0.05148307547786596,0.004319116349937237,0.013530484000715576,2,-0.0006808836500627564,0.020672011794634813,3.963999999999785,164.37287397525415,0.007673122251895455,True
damping_20,right_foot,0.007570411133318401,0.11019432757974329,0.004325917779938258,0.023601656871518634,1,-0.0006740822200617348,0.021876574954256586,3.963999999999785,166.1395208549505,0.010319177889149682,True
damping_20,left_foot,0.003878961294413851,0.051595436384053645,0.004318658169122719,0.013547828503365906,2,-0.0006813418308772813,0.00791145988093329,3.9679999999997846,164.60277492004073,0.014121160628510212,True
damping_20,right_foot,0.007567108581448122,0.1106456361993584,0.004324053123415834,0.023651879689651486,2,-0.0006759468765841587,0.01515468461062667,3.9679999999997846,167.00282856475,0.004741238528215616,True
damping_20,left_foot,0.003821996302770675,0.051710557360618525,0.004318943711684099,0.013571519967846165,2,-0.0006810562883159009,0.02090075271520061,3.971999999999784,164.96969280022427,0.006672984701346752,True
damping_20,right_foot,0.007589402283193407,0.1110310145477339,0.004322838678982713,0.023707566217677955,2,-0.0006771613210172943,0.016367920397556895,3.971999999999784,166.0393796251243,0.00930401820061291,True
damping_20,left_foot,0.0038105557825800314,0.0518007170749895,0.0043186476674172344,0.013591527792476209,1,-0.0006813523325827726,0.009262967271364749,3.9759999999997837,162.75523167553604,0.006578757389761095,True
damping_20,right_foot,0.007573277548182521,0.11138868669153819,0.004322795833383866,0.023769564537739003,2,-0.0006772041666161339,0.01784799553516859,3.9759999999997837,166.53082155422325,0.00480489065749419,True
damping_20,left_foot,0.003751430401686694,0.05193586609581108,0.004316797297008505,0.013601338913653865,2,-0.0006832027029914948,0.022476408927928685,3.9799999999997833,165.6106779319378,0.008232569119486534,True
damping_20,right_foot,0.007587515284653113,0.11170336118922236,0.004322728553224818,0.023833098258570502,2,-0.0006772714467751821,0.014768832014035903,3.9799999999997833,165.11110065528547,0.009027519927190187,True
damping_20,left_foot,0.0037231582892912436,0.05205910844235679,0.004314803549820591,0.013609773444410757,2,-0.0006851964501794093,0.007144791419451269,3.983999999999783,168.65411764040303,0.010686265919977938,True
damping_20,right_foot,0.007564307270870057,0.11200949772706423,0.0043239497891881945,0.023900350160004954,2,-0.0006760502108118125,0.01985763308922768,3.983999999999783,161.14437459237072,0.0036586869002173165,True
damping_20,left_foot,0.0036889793234972665,0.0521599022062018,0.004313210770727327,0.013621701162769829,2,-0.000686789229272673,0.010816011036210665,3.9879999999997824,168.59852412623,0.008247260760695468,True
damping_20,right_foot,0.00755197479757703,0.1123290784007542,0.004324592434987902,0.023965438834330326,1,-0.0006754075650120981,0.010601200232280006,3.9879999999997824,159.44244044276715,0.017198969319566097,True
damping_20,left_foot,0.003695509434510376,0.05222735262736354,0.004312064559595145,0.01363429687095902,2,-0.0006879354404048547,0.013005541735591557,3.991999999999782,166.74352851909202,0.012493891226536196,True
damping_20,right_foot,0.007503121570164806,0.11275695588720097,0.00432456478808118,0.02402139105458007,2,-0.0006754352119188204,0.026209748621022405,3.991999999999782,162.3110023552976,0.005210900125713839,True
damping_20,left_foot,0.0036478290370293553,0.052293884582879924,0.004313031162612453,0.013654019974056818,2,-0.0006869688373875469,0.018994552195542958,3.9959999999997815,163.07425100795243,0.007406920671883136,True
damping_20,right_foot,0.007491998357934164,0.11311924011235894,0.004324751499191495,0.02407899677806238,2,-0.0006752485008085047,0.010447064328485998,3.9959999999997815,165.34317835937748,0.013332961833584688,True
damping_20,left_foot,0.0036343481265722656,0.05234268489612634,0.004314019412862816,0.013673308629037217,2,-0.0006859805871371845,0.008435102599270806,3.999999999999781,165.90199694068832,0.012726956106254742,True
damping_20,right_foot,0.007450924567486138,0.11344590401395532,0.0043261615467911005,0.02414050751231827,2,-0.0006738384532088996,0.024109980416613257,3.999999999999781,161.7890068923792,0.005177261764722413,True
damping_20,left_foot,0.0035757666306958143,0.05240446473268814,0.0043158668839416645,0.013696967789652615,1,-0.0006841331160583356,0.021583183232749104,4.003999999999781,163.60797273192807,0.0069797746384966325,True
damping_20,right_foot,0.007443496560041776,0.11372824023769773,0.0043274278716902495,0.024201181923692115,1,-0.0006725721283097506,0.010468768138582904,4.003999999999781,160.56192876073774,0.017812785702297166,True
damping_20,left_foot,0.003576645131109046,0.052434884621797934,0.0043161373491789265,0.013702376508124711,1,-0.0006838626508210805,0.013301758485203706,4.007999999999781,166.4579293681467,0.015385733699236433,True
damping_20,right_foot,0.00739255769006641,0.11411160785778093,0.00432868081571474,0.024255931850536625,2,-0.0006713191842852599,0.027515824534307103,4.007999999999781,158.62109621837251,0.005523937039941722,True
damping_20,left_foot,0.0035309408517103192,0.052496909861202,0.0043155886753262,0.013702413661233918,2,-0.0006844113246738002,0.017828915517840903,4.01199999999978,167.77131980719702,0.007957174877670094,True
damping_20,right_foot,0.007372602968793546,0.11443453547348509,0.004330441556022573,0.02431176582709156,2,-0.0006695584439774275,0.009761409389826059,4.01199999999978,159.1289188509659,0.01426957320978995,True
damping_20,left_foot,0.003515831181774225,0.052541739068198486,0.004314872368403631,0.013706889942750204,2,-0.0006851276315963687,0.008295720522617844,4.01599999999978,171.62197254186026,0.013553283581910621,True
damping_20,right_foot,0.00732386628433596,0.11472236836663273,0.0043336584255474,0.02437128753564062,1,-0.0006663415744526,0.026014004563925205,4.01599999999978,152.35448919374483,0.004664179739365214,True
damping_20,left_foot,0.003460414351368776,0.052587520147088326,0.0043148265380405365,0.013718239291357869,2,-0.0006851734619594636,0.019549012231185242,4.019999999999779,170.3341687270131,0.00803094032919028,True
damping_20,right_foot,0.007319060285490125,0.1149875153580168,0.004335832114636076,0.024423678601387926,1,-0.0006641678853639239,0.010430082177875182,4.019999999999779,154.07042181054828,0.015919899595685568,True
damping_20,left_foot,0.003441769077764057,0.05261487276551486,0.004314430278741566,0.013729270696424961,1,-0.0006855697212584414,0.008008199349000282,4.023999999999779,169.068817000398,0.007894692576553874,True
damping_20,right_foot,0.007278951048808389,0.11534435323981793,0.004337621187447391,0.02446836518879339,2,-0.0006623788125526093,0.02311988165947307,4.023999999999779,155.14875855969916,0.005494277601316464,True
damping_20,left_foot,0.003371048236205967,0.05268803683499736,0.004312978252116219,0.013734508559872002,2,-0.0006870217478837813,0.02459789053578763,4.027999999999778,169.21342051911003,0.009402056010841086,True
damping_20,right_foot,0.00726492309489003,0.11563809212852753,0.004339844740059676,0.024515262658492652,2,-0.0006601552599403244,0.008831852453330806,4.027999999999778,155.70188724266774,0.013857413454695626,True
damping_20,left_foot,0.0033326000192577037,0.05274499148752319,0.004310943398568044,0.013737099113152556,2,-0.0006890566014319558,0.008065426561428576,4.031999999999778,175.02325240556456,0.015547440886882752,True
damping_20,right_foot,0.007219007340509701,0.115894137041476,0.004343752481729586,0.024567663899817186,2,-0.000656247518270414,0.024731402543853368,4.031999999999778,149.005676768548,0.005017501718530301,True
damping_20,left_foot,0.003266058821143202,0.052787984158882674,0.004309779993706388,0.013744942718714109,2,-0.0006902200062936124,0.021181981730890184,4.0359999999997775,174.8189571502312,0.00899146599357094,True
damping_20,right_foot,0.007202707956155746,0.11611909874453565,0.0043474998349771615,0.024617153448841297,1,-0.0006525001650228386,0.008319194356839473,4.0359999999997775,147.43278399200736,0.004780181312803375,True
damping_20,left_foot,0.0032393276655081115,0.052803587304029814,0.004308535061358761,0.013752035378614517,2,-0.0006914649386412326,0.007975013709246312,4.039999999999777,174.01291605010977,0.007843413847381556,True
damping_20,right_foot,0.007148795227506831,0.11649361056918918,0.0043499351699362795,0.024654321642509656,2,-0.0006500648300637206,0.027175372906980827,4.039999999999777,149.41538766173068,0.010501832604464047,True
damping_20,left_foot,0.0031682970440056737,0.05282798140165428,0.004308064926821453,0.013759772341222182,2,-0.0006919350731785468,0.024372462622239133,4.043999999999777,170.78113473470256,0.009119512970257006,True
damping_20,right_foot,0.0071169644866715814,0.11685240322867976,0.004352202440734303,0.02469085059365693,2,-0.0006477975592656974,0.009511791968532066,4.043999999999777,151.65792891291565,0.01749363353382128,True
damping_20,left_foot,0.0031359025401808236,0.052835325155444104,0.004306438456380006,0.013760768914650758,1,-0.0006935615436199942,0.008164509908601614,4.047999999999776,176.2167879285867,0.016954002537478436,True
damping_20,right_foot,0.007059516855359844,0.11713487983282889,0.004356426593240863,0.024734669143693284,2,-0.0006435734067591374,0.02713608308239995,4.047999999999776,144.56006612424434,0.006653352668439756,True
damping_20,left_foot,0.0030692600733762407,0.052857231001394,0.004304472998878997,0.01375910681675854,2,-0.0006955270011210031,0.0213701941533532,4.051999999999776,176.10592928456424,0.009676819505011312,True
damping_20,right_foot,0.007027205012131273,0.1173569759666797,0.004360847495843374,0.024778787434518935,2,-0.0006391525041566258,0.009532944258098955,4.051999999999776,144.85696284428002,0.015353074467328646,True
damping_20,left_foot,0.003039616614169805,0.052851508410105566,0.004302608787358955,0.013758449301476811,2,-0.0006973912126410449,0.00857819982479443,4.055999999999775,179.67471514004495,0.0087080701731562,True
damping_20,right_foot,0.006967557417578595,0.1175367685914932,0.004366645363684814,0.024826329982015748,2,-0.0006333546363151794,0.0285288102856507,4.055999999999775,140.5773130759101,0.005411885201592643,True
damping_20,left_foot,0.0029749670061222653,0.052853509587603285,0.004301089473887874,0.013759706719737454,2,-0.0006989105261121188,0.02136847450811203,4.059999999999775,178.54904585302114,0.010094527388580297,True
damping_20,right_foot,0.006932160328454544,0.11768386074458796,0.004371950769975902,0.024871588279115484,2,-0.0006280492300240982,0.010077144626300315,4.059999999999775,140.89412818095283,0.004305994301768133,True
damping_20,left_foot,0.0029480027453210093,0.052838273431552035,0.004298597954375351,0.01375568253065667,1,-0.0007014020456246493,0.009616265706368672,4.0639999999997745,181.28636633874007,0.016171130888094604,True
damping_20,right_foot,0.006866527593975391,0.11785812039553867,0.004377474687965087,0.024915695299744918,1,-0.0006225253120349132,0.03136517691143086,4.0639999999997745,135.36270335943092,0.00556230141615601,True
damping_20,left_foot,0.002886331756695541,0.05283067091933776,0.004296218434084002,0.01374937015442422,2,-0.0007037815659159978,0.019623988380787116,4.067999999999774,180.1447844081029,0.010365556531209835,True
damping_20,right_foot,0.00682736743146532,0.11805029344941698,0.004381373431249079,0.02495171768718733,1,-0.0006186265687509211,0.009933398253685428,4.067999999999774,137.46612395105026,0.005244950170524952,True
damping_20,left_foot,0.002855331368645321,0.05279437648674716,0.004294146960059177,0.013743189477497454,2,-0.0007058530399408234,0.009406170148767991,4.071999999999774,184.33713832593642,0.0094138183882946,True
damping_20,right_foot,0.006762706549962799,0.1183289034368102,0.004384764050245522,0.024980811333247095,2,-0.0006152359497544778,0.02936024135197066,4.071999999999774,133.70364268522755,0.011948459555738063,True
damping_20,left_foot,0.002788941949978793,0.052757549182159226,0.004292919933129094,0.01373814463271756,1,-0.0007070800668709061,0.021445739084410227,4.075999999999773,179.8987259023033,0.01025036050752182,True
damping_20,right_foot,0.006717370501711168,0.11857955007289962,0.004388257114810258,0.02500881929426098,2,-0.000611742885189742,0.012356447884128303,4.075999999999773,136.00841199459995,0.013088825868712633,True
damping_20,left_foot,0.0027313969048600845,0.05270939441426842,0.004290401852755324,0.013727614683789847,2,-0.0007095981472446762,0.012720873113889957,4.079999999999773,186.6587618628562,0.009712775453349486,True
damping_20,right_foot,0.006671135900870385,0.1187698776700731,0.004393173649902854,0.025040481332601453,2,-0.0006068263500971461,0.018806757466647707,4.079999999999773,129.03701643830135,0.00642931196598878,True
damping_20,left_foot,0.002653126520425819,0.052657554132634524,0.004288032095438453,0.013717232322843696,2,-0.0007119679045615472,0.022747527325182232,4.083999999999772,187.61767779641593,0.011147277130336128,True
damping_20,right_foot,0.006645429186093018,0.11890529386541294,0.0043986640666358115,0.02507110499542186,2,-0.0006013359333641886,0.007184819078863715,4.083999999999772,127.56366108699132,0.01389142091799794,True
damping_20,left_foot,0.00261944759323966,0.052583555354881385,0.0042852003764100935,0.013702761700880365,1,-0.0007147996235899066,0.010783960934292845,4.087999999999772,188.15870651649328,0.014711218061502263,True
damping_20,right_foot,0.006591121547027435,0.11899418375192186,0.004405815696346543,0.02510463688702749,2,-0.0005941843036534568,0.02601211164479132,4.087999999999772,125.78497187965839,0.0052512021480143785,True
damping_20,left_foot,0.002562697718854087,0.052513064141152095,0.004282666445510418,0.013687618321946687,2,-0.0007173335544895824,0.017438551424622018,4.091999999999771,188.4868428045287,0.011287728998014673,True
damping_20,right_foot,0.0065532607463424574,0.11905656934807443,0.00441247373455355,0.025134160257425125,1,-0.0005875262654464501,0.00989853061859992,4.091999999999771,124.63790223337705,0.005076646278250705,True
damping_20,left_foot,0.0025271923012599546,0.052417258403166835,0.004280541112066778,0.01367118226506037,1,-0.0007194588879332149,0.011164951064307403,4.095999999999771,191.15728216570926,0.011385923170262298,True
damping_20,right_foot,0.0064986413647636085,0.11917007776689498,0.004418359685854016,0.025160347921621463,1,-0.0005816403141459909,0.024018915917895664,4.095999999999771,120.52174224719334,0.00611662680574701,True
damping_20,left_foot,0.0024612838906244855,0.052336141467280606,0.004278155646237368,0.013654310983932518,2,-0.0007218443537626252,0.02005544690877289,4.0999999999997705,190.4885869896022,0.01222454060358772,True
damping_20,right_foot,0.006460734238926934,0.11927126566366512,0.004423545132082603,0.02518141664492447,1,-0.0005764548679173974,0.00968396089946734,4.0999999999997705,121.1901518615207,0.005606184484316417,True
damping_20,left_foot,0.0024203039217404925,0.0522344078778322,0.00427575521913047,0.013634969409286393,2,-0.0007242447808695303,0.012236150788394818,4.10399999999977,194.4725407737305,0.01164685514490917,True
damping_20,right_foot,0.0064041679332852725,0.11939934754620352,0.004428792810583816,0.025200255589555874,1,-0.0005712071894161839,0.024518571299345083,4.10399999999977,116.15348442180559,0.0064354577940173244,True
damping_20,left_foot,0.0023602686152378056,0.05212244800739111,0.004274244605318757,0.013616579198644375,1,-0.0007257553946812432,0.018610193447694993,4.10799999999977,192.26850561627907,0.012255378727242482,True
damping_20,right_foot,0.006361454188151315,0.1195020711234908,0.004433899507949604,0.02521581624301685,1,-0.000566100492050396,0.011517184341243901,4.10799999999977,117.27069440721891,0.006542880864774847,True
damping_20,left_foot,0.002297179452328703,0.0520030106378609,0.004272091807788231,0.013595442747112385,1,-0.0007279081922117623,0.016417918640809364,4.111999999999769,196.08945461678596,0.012665171346145688,True
damping_20,right_foot,0.0063256158343804715,0.11957594355541194,0.004439350556721011,0.02523122485191408,1,-0.0005606494432789889,0.011796615734906105,4.111999999999769,112.88374131228609,0.006694620335541768,True
damping_20,left_foot,0.0022347776297808705,0.051875223543231604,0.0042695891315871,0.013572557246862037,1,-0.0007304108684129005,0.017176439042238426,4.115999999999769,196.9071067621564,0.013103742644214359,True
damping_20,right_foot,0.0062945327137307544,0.11962271821051756,0.004445248983561467,0.025245311523235947,1,-0.0005547510164385329,0.009036601714291858,4.115999999999769,111.14321507792917,0.00652178181018448,True
damping_20,left_foot,0.002180564449965567,0.05173161573337446,0.004267074202181129,0.01354665611097253,1,-0.0007329257978188715,0.015679902608782888,4.119999999999768,197.56552045308877,0.013321302083923976,True
damping_20,right_foot,0.006260174053888656,0.11965129226493007,0.004451489483099737,0.02525901641462409,1,-0.0005485105169002634,0.011539266531958824,4.119999999999768,109.57545792000565,0.0067510744410166235,True
damping_20,left_foot,0.0021182669097572085,0.05158123534647182,0.004264675397755116,0.013519855101347213,1,-0.000735324602244884,0.018264144361565916,4.123999999999768,198.87030981391666,0.013854170025412981,True
damping_20,right_foot,0.00623171848502376,0.11965747499881955,0.004458101588061487,0.02527002500807572,1,-0.0005418984119385127,0.007380808892012537,4.123999999999768,107.29335658261006,0.006185263200580813,True
damping_20,left_foot,0.002076125114065851,0.051401484262644084,0.004262578342534795,0.01348753669793376,1,-0.0007374216574652049,0.015050221390357898,4.127999999999767,199.16502776173797,0.013910672007068569,True
damping_20,right_foot,0.006191143513371545,0.11965779217917101,0.004464952917510874,0.025282425860713807,1,-0.0005350470824891261,0.01567148554879561,4.127999999999767,106.06142298264008,0.006648370582812483,True
damping_20,left_foot,0.0020207496880477963,0.051215382084364935,0.0042608778562156155,0.013454741603254997,1,-0.0007391221437843846,0.018474804344288134,4.131999999999767,199.74383760765932,0.014308312224079226,True
damping_20,right_foot,0.006158287637356093,0.11963824905575934,0.004471954650748733,0.025291699941027784,1,-0.0005280453492512672,0.008374030379112746,4.131999999999767,104.51515740117924,0.00633574523946914,True
damping_20,left_foot,0.001973033750271019,0.05101128096575938,0.004259532258380133,0.01341883089505208,1,-0.0007404677416198669,0.016528479869121614,4.1359999999997665,200.9078543576258,0.01443900203622276,True
damping_20,right_foot,0.0061221551402194235,0.11960549723591976,0.004479171088810754,0.025299511381474696,1,-0.0005208289111892457,0.01255403505716958,4.1359999999997665,102.26512337094272,0.006694189038103521,True
damping_20,left_foot,0.0019180533397065282,0.0508025467081339,0.004258497673056902,0.01338248097403565,1,-0.0007415023269430982,0.01870836141210332,4.139999999999766,201.8240736295076,0.014890660846392994,True
damping_20,right_foot,0.006092377067256123,0.11954738803926183,0.004486623085202028,0.025303393333342347,1,-0.000513376914797972,0.007351728465211166,4.139999999999766,100.36341930831622,0.006238051478718162,True
damping_20,left_foot,0.001878308593730066,0.050571499036793185,0.004257768314736433,0.01334200138220393,1,-0.0007422316852635667,0.016846195978208828,4.143999999999766,202.5119291856132,0.015049353253312185,True
damping_20,right_foot,0.006056161069587041,0.1194784557395612,0.004494283041601085,0.025306239887159836,1,-0.0005057169583989147,0.012756775728853793,4.143999999999766,98.56011320453813,0.006531225703748489,True
damping_20,left_foot,0.0018324370592753539,0.05033774723244126,0.00425738420676694,0.013301418917885204,1,-0.0007426157932330672,0.01849317938712967,4.147999999999765,202.80901017795702,0.015485564655287984,True
damping_20,right_foot,0.006024721581207478,0.11938384701342794,0.004502031360827136,0.025305005333093673,1,-0.0004979686391728645,0.008142601948070772,4.147999999999765,97.28315006139033,0.006296212743703636,True
damping_20,left_foot,0.0017894608698704555,0.050099124520335166,0.004257309992885386,0.013260107889485364,1,-0.0007426900071146143,0.018047401586954222,4.151999999999765,203.60305086804584,0.015811400731395923,True
damping_20,right_foot,0.005994039933748187,0.1192676720611784,0.004509875398757315,0.025299467926940003,1,-0.0004901246012426847,0.009124146462707573,4.151999999999765,95.35589095243668,0.006387357858256851,True
damping_20,left_foot,0.0017375636484806539,0.04986169866032326,0.004257523016249071,0.013219389118241609,1,-0.0007424769837509294,0.020024101253333308,4.155999999999764,204.1359115245201,0.016397952146837116,True
damping_20,right_foot,0.005967605724889046,0.11912896448205838,0.004517788403784868,0.025289309484964988,1,-0.0004822115962151317,0.006724681058086897,4.155999999999764,93.82889562588977,0.005474212996167349,True
damping_20,left_foot,0.0016946987042533198,0.04960460101628027,0.004258106057842631,0.013175254044734859,1,-0.000741893942157369,0.019131260202357545,4.159999999999764,203.8645797629797,0.01662824694156245,True
damping_20,right_foot,0.0059290464027480245,0.11898908373712636,0.004525620264662453,0.025279858148188197,1,-0.0004743797353375474,0.015283529492683124,4.159999999999764,93.03875873451094,0.0059081345429866415,True
damping_20,left_foot,0.0016303988947543242,0.04934956973210218,0.00425912560024428,0.013132299665726446,1,-0.0007408743997557197,0.023800960992918212,4.1639999999997634,203.58276119876453,0.01722734258369759,True
damping_20,right_foot,0.005893916496632759,0.11883232833525613,0.0045332523124594765,0.02526808001090201,1,-0.00046674768754052364,0.011002761561834235,4.1639999999997634,92.24130826328351,0.005034421014693454,True
damping_20,left_foot,0.0015712851640090786,0.04907443701135504,0.004260580555298911,0.013086001776000198,1,-0.0007394194447010892,0.02215417609405231,4.167999999999763,203.52619761514885,0.017426566111244907,True
damping_20,right_foot,0.00584691774852401,0.11867876408833204,0.0045407077856158,0.025257856413185256,1,-0.00045929221438420053,0.020891855033956113,4.167999999999763,91.02742525077107,0.005739033167398782,True
damping_20,left_foot,0.0014848371093112481,0.048803044349416784,0.004262517304720076,0.013041318578234706,1,-0.0007374826952799172,0.029473274139498896,4.171999999999763,202.81235227541623,0.01806810682151757,True
damping_20,right_foot,0.0058046734981518945,0.11851090466854591,0.00454790260493209,0.02524588891576552,1,-0.00045209739506791007,0.015743958905985816,4.171999999999763,90.60272548784984,0.004476530733890196,True
damping_20,left_foot,0.0014065653348423655,0.04850769499703177,0.004264930378144689,0.012993213965456163,1,-0.0007350696218553108,0.026374430919002646,4.175999999999762,202.46667020230348,0.018172141466608265,True
damping_20,right_foot,0.005745102570267005,0.11835853771098949,0.004554854770596445,0.025238382359257395,1,-0.00044514522940354833,0.03068820284508282,4.175999999999762,89.72530214729507,0.005596066494815012,True
damping_20,left_foot,0.001293927302482739,0.04821895631469361,0.004267976053442056,0.012947293020094917,1,-0.000732023946557944,0.037167149393872174,4.179999999999762,200.4475717786571,0.018818393823124557,True
damping_20,right_foot,0.005691676769321633,0.11819648696266434,0.00456135086462562,0.02523010927034317,1,-0.0004386491353743872,0.023558198640149415,4.179999999999762,90.31284818016262,0.004340507045513074,True
damping_20,left_foot,0.001190577663611096,0.04791032104167191,0.004271543497403177,0.012898634576353287,1,-0.0007284565025968233,0.032827332446606336,4.183999999999761,200.41626656240715,0.018844603705899108,True
damping_20,right_foot,0.005623040850741214,0.1180540674990332,0.004567556106614169,0.025226814435676984,1,-0.00043244389338583083,0.03945688603044543,4.183999999999761,89.06304950622479,0.005698932427517497,True
damping_20,left_foot,0.001048500130767791,0.04761420846108284,0.004275803898595498,0.012852655029213289,1,-0.0007241961014045019,0.04705010413122133,4.187999999999761,197.56505803749695,0.01953121515298946,True
damping_20,right_foot,0.005562383136804087,0.11790446466316629,0.004573228740231423,0.025223302318490272,1,-0.00042677125976856977,0.03143881507306556,4.187999999999761,90.33031027026348,0.004053665281519173,True
damping_20,left_foot,0.0009238745941400279,0.047304585931079494,0.004280584562082947,0.012804361597990335,1,-0.0007194154379170535,0.040750925701948486,4.19199999999976,197.58340085053345,0.019435319668486627,True
damping_20,right_foot,0.0054850233379961,0.11778909140805556,0.004578603674651939,0.025226512180892377,1,-0.00042139632534806803,0.05205348373726417,4.19199999999976,88.95461458461239,0.0056899892169942606,True
damping_20,left_foot,0.0007643319410362956,0.047018100912650455,0.0042861831531635225,0.012759368137562819,1,-0.0007138168468364776,0.058972867282216776,4.19599999999976,193.20707342602987,0.020056377229255812,True
damping_20,right_foot,0.005417567857946921,0.11767183648677056,0.004583265002356937,0.02523017291923411,1,-0.000416734997643063,0.04288324675634665,4.19599999999976,91.55466210921325,0.004350944734124866,True
damping_20,left_foot,0.0006396909276866663,0.04673814819410689,0.004292248176994362,0.012713245063901073,1,-0.000707751823005638,0.05276439418506267,4.1999999999997595,194.04926454951496,0.019877398450375287,True
damping_20,right_foot,0.00534186960605841,0.1175815907746736,0.0045876951985701145,0.025240759976665837,1,-0.0004123048014298856,0.06169383191990165,4.1999999999997595,89.33691647932132,0.005998665237804332,True
damping_20,left_foot,0.0005458034471336236,0.046490073343727845,0.004298992275989531,0.012669718069511785,1,-0.0007010077240104688,0.07109810007498772,4.203999999999759,189.67039946342757,0.020520803944132845,True
damping_20,right_foot,0.005278934111979579,0.11748368837530958,0.004591634606424436,0.02525226039978078,1,-0.00040836539357556444,0.052566237087768586,4.203999999999759,91.57924505960415,0.004267397851823364,True
damping_20,left_foot,0.0005719094193724434,0.04627704581140772,0.004306023337800259,0.012625439580641551,1,-0.000693976662199741,0.06128474997095443,4.207999999999759,190.7229870378124,0.020195292534310915,True
damping_20,right_foot,0.005211835143763273,0.11742195232226459,0.004595599825720796,0.02527173961006448,1,-0.000404400174279204,0.07550822868236406,4.207999999999759,89.11853194753364,0.006050244702238121,True
damping_20,left_foot,0.0007139694766016767,0.04611600450532392,0.004313812027640272,0.012583861710406714,1,-0.0006861879723597279,0.08118119931402556,4.211999999999758,184.44891347044745,0.020596793264820168,True
damping_20,right_foot,0.005161748640988357,0.11735343958085696,0.004598985214164665,0.02529220428315287,1,-0.00040101478583533506,0.06521120794999702,4.211999999999758,92.97835024686592,0.005321644033582673,True
damping_20,left_foot,0.0009428170360616078,0.0460348041395229,0.004321741603416085,0.01254396692570511,1,-0.0006782583965839152,0.07821330609415039,4.215999999999758,186.81663411695087,0.020371295674086753,True
damping_20,right_foot,0.005123003627741568,0.11730125842761335,0.00460262510176971,0.025315890899782485,1,-0.0003973748982302903,0.07806734852039773,4.215999999999758,89.02736460990934,0.0067711853817686634,True
damping_20,left_foot,0.0012459369691867016,0.046056047890335725,0.004330010191448734,0.012508585011832093,1,-0.000669989808551266,0.09489609837603703,4.219999999999757,182.23333046007082,0.021002152427302186,True
damping_20,right_foot,0.005103088417210625,0.11723230025201886,0.004606248772577523,0.025340245143527694,1,-0.00039375122742247703,0.06969122031732718,4.219999999999757,91.3666566149223,0.004894745732320785,True
damping_20,left_foot,0.0015620509996432728,0.046243727412157425,0.004338437749148667,0.01247544411113663,1,-0.0006615622508513328,0.08474132429486313,4.223999999999757,182.2502680256914,0.0205759144743797,True
damping_20,right_foot,0.005100562652171337,0.11719996856494416,0.004610089860533961,0.02537256868708059,1,-0.0003899101394660388,0.09293321102982828,4.223999999999757,89.86635661286891,0.006599997020557901,True
damping_20,left_foot,0.0019337792407310406,0.04662304235273777,0.004347643897917301,0.012449287731062263,1,-0.0006523561020826919,0.10525378293314813,4.227999999999756,175.3477949050398,0.020981058067090944,True
damping_20,right_foot,0.005122323846870413,0.11716075421181105,0.004613371384498209,0.025406732222583273,1,-0.000386628615501791,0.08278138709642256,4.227999999999756,94.08341510131727,0.005485922050171107,True
damping_20,left_foot,0.0023196222872088924,0.047281277826426306,0.004357121431605868,0.01242847763729632,1,-0.0006428785683941325,0.10036715652359357,4.231999999999756,176.74042078938865,0.02058523753934368,True
damping_20,right_foot,0.005172850243127023,0.1171489902175299,0.004616835195427521,0.02544417077570686,1,-0.00038316480457247903,0.09875768689101071,4.231999999999756,90.7273113796475,0.007030873574129741,True
damping_20,left_foot,0.0027601180393712526,0.04824492767616913,0.004367271872407812,0.012416659586123382,1,-0.0006327281275921885,0.11993563799195997,4.2359999999997555,170.44467538446304,0.021108531850824307,True
damping_20,right_foot,0.005248343684833332,0.11713008580018844,0.004619938536432278,0.025482917145343634,1,-0.0003800614635677225,0.08940946975744625,4.2359999999997555,94.60458257588702,0.005250313656245338,True
damping_20,left_foot,0.0031989449666956888,0.049647848665742844,0.004377746615206395,0.012411179550888413,1,-0.0006222533847936125,0.11109150460187919,4.239999999999755,170.7220424059272,0.021515711499326767,True
damping_20,right_foot,0.005365290518709723,0.1171546813683857,0.004623205501722787,0.025527324836110813,1,-0.00037679449827720656,0.11137308066990653,4.239999999999755,92.23424755249528,0.007118059529800577,True
damping_20,left_foot,0.0036449309697784375,0.04974125682282695,0.004388373851933268,0.012342792255827954,1,-0.0006116261480667321,0.11566956079045311,4.243999999999755,164.78326788317713,0.022769023128985464,True
damping_20,right_foot,0.005516317655524213,0.11719095804874029,0.004627177358591729,0.025576351624456897,1,-0.0003728226414082712,0.10524638223351908,4.243999999999755,90.48395817657487,0.006504887746485716,True
damping_20,left_foot,0.0040898620107268375,0.04987665677605144,0.004396177774306176,0.012269367035322009,1,-0.0006038222256938243,0.1131413467506346,4.247999999999754,181.8014654797607,0.022494913277620012,True
damping_20,right_foot,0.005719347083741254,0.1172516829702472,0.004634349523633535,0.025628618755530762,1,-0.00036565047636646485,0.1228702666634491,4.247999999999754,77.61429078013387,0.00790148926475695,True
damping_20,left_foot,0.004582930139925419,0.05066553885498139,0.004402813558999116,0.012219515942793809,1,-0.0005971864410008838,0.13026322615360927,4.251999999999754,172.42309943183636,0.02275682841835043,True
damping_20,right_foot,0.0059540784370963745,0.11732646598028562,0.00464285378868972,0.025683155017717212,1,-0.00035714621131028006,0.11624455333093746,4.251999999999754,84.23779049741535,0.0066513678926206285,True
damping_20,left_foot,0.005083190440570857,0.05220512178065595,0.004409840175791241,0.012188755734892757,1,-0.0005901598242087592,0.1265792194661707,4.255999999999753,168.03904987778807,0.021861699043118313,True
damping_20,right_foot,0.006241969344310261,0.11745943193009321,0.004651401186946416,0.02574221262585941,1,-0.00034859881305358397,0.13335059741849647,4.255999999999753,85.5955796174928,0.00790827289392361,True
damping_20,left_foot,0.005643801793859589,0.054467865711115164,0.004418793389768423,0.012179598294484995,1,-0.000581206610231577,0.14836203981439428,4.259999999999753,158.39072440814874,0.022594063962528877,True
damping_20,right_foot,0.006552533650199468,0.11764986523891903,0.004658391047631653,0.02580496880505061,1,-0.0003416089523683467,0.12437326279765366,4.259999999999753,92.50659809672591,0.006923246436723232,True
damping_20,left_foot,0.006189617599061906,0.0561363993558492,0.0044288190009803205,0.012139126451993623,1,-0.0005711809990196796,0.1356837148329325,4.263999999999752,158.77015542074028,0.022377647304380164,True
damping_20,right_foot,0.006916234905245858,0.11793289413124208,0.004665326891817027,0.025874885305468262,1,-0.00033467310818297274,0.1416364805858531,4.263999999999752,86.17593767087006,0.008299864903458238,True
damping_20,left_foot,0.006778132546699111,0.05828576455236555,0.004438474018368416,0.01211007453499113,1,-0.0005615259816315844,0.1543102749667188,4.267999999999752,162.25883763370297,0.02260232730996388,True
damping_20,right_foot,0.0073048331459308075,0.11830495108288736,0.004673127049354638,0.025949251579077428,1,-0.0003268729506453556,0.1357998399429736,4.267999999999752,83.80641633263296,0.0069480857061439616,True
damping_20,left_foot,0.007382374606548131,0.06154518719541266,0.004448700819078014,0.012106517141919525,1,-0.0005512991809219865,0.15317733403692105,4.2719999999997516,156.06843687779883,0.024922518499410646,True
damping_20,right_foot,0.007750522578426172,0.11880437082116464,0.0046810344774042695,0.02603015695902726,1,-0.00031896552259573756,0.15392574432842138,4.2719999999997516,86.52971653473026,0.008842731527543665,True
damping_20,left_foot,0.007942386707367927,0.06072872931185212,0.004459825137174966,0.011969991108270163,1,-0.0005401748628250337,0.13880405625818115,4.275999999999751,151.49097459091792,0.0265230300131946,True
damping_20,right_foot,0.00823370948963821,0.11948376742171926,0.004690322388821035,0.02612242861257442,1,-0.00030967761117896547,0.15413012789111974,4.275999999999751,79.53317536206568,0.010206285733293597,True
damping_20,left_foot,0.008523720831558803,0.060013436394472444,0.004465509485576072,0.011831119199491879,1,-0.0005344905144239282,0.15064930510337662,4.279999999999751,181.6980171537004,0.026394881404754,True
damping_20,right_foot,0.008770928055064893,0.12030337123638954,0.004705432485403636,0.026220269006230947,1,-0.0002945675145963637,0.16720106888881703,4.279999999999751,57.751616176610824,0.010359276834070287,True
damping_20,left_foot,0.009141863710566212,0.061170219030848266,0.004468901579611606,0.011741728967895878,1,-0.000531098420388394,0.15901778805354752,4.28399999999975,166.49955311128832,0.02490035948820515,True
damping_20,right_foot,0.009361812108705141,0.12130035198761117,0.004722735304815234,0.026323856380342337,1,-0.0002772646951847658,0.17704089074202728,4.28399999999975,68.75779933558248,0.010724743041909169,True
damping_20,left_foot,0.009822145936892668,0.06395206661159507,0.004474189102026717,0.011696238458701113,1,-0.0005258108979732832,0.17730429509734966,4.28799999999975,153.78658901259666,0.024161260244710613,True
damping_20,right_foot,0.009962516939023856,0.12256274297919106,0.004738509962076393,0.02643415273122143,1,-0.00026149003792360747,0.17186305147328898,4.28799999999975,77.5607187858774,0.010641771800273609,True
damping_20,left_foot,0.010536087853988331,0.06834163539517897,0.004482898221219465,0.011688391041795549,1,-0.0005171017787805347,0.1825879758881646,4.291999999999749,147.1469891654151,0.026542289062722456,True
damping_20,right_foot,0.010581756556647132,0.12361241943183943,0.004752024802698963,0.026516354697885075,1,-0.0002479751973010367,0.17645676883262207,4.291999999999749,78.38961624887284,0.01132556117826645,True
damping_20,left_foot,0.011203994818602155,0.06849974165298398,0.00449682782272557,0.011554274770145628,1,-0.0005031721772744231,0.16546144132290272,4.295999999999749,136.19429016436956,0.02773371287717251,True
damping_20,right_foot,0.011218577427917311,0.12485207268836368,0.00476314828552548,0.02660387792970123,1,-0.00023685171447452007,0.17743679530923637,4.295999999999749,80.49940435634807,0.012699985504963167,True
damping_20,left_foot,0.011903044231528964,0.06906166022116443,0.004507379924095764,0.011427586605887882,1,-0.0004926200759042361,0.18150008118825617,4.2999999999997485,166.76310847246754,0.027172642601033248,True
damping_20,right_foot,0.011895509121518323,0.12636268264997033,0.004778069523072116,0.026701473478125782,1,-0.00022193047692788386,0.18761512744963044,4.2999999999997485,56.29111384459925,0.012504221485999903,True
damping_20,left_foot,0.012651618541374633,0.07194669006743339,0.004516882147827292,0.011359676490320728,1,-0.0004831178521727082,0.19279956432547085,4.303999999999748,149.98708621832245,0.025844303109803762,True
damping_20,right_foot,0.012616122058355597,0.1281926484764358,0.004794045588601088,0.02680941802367016,1,-0.00020595441139891184,0.19681636318825238,4.303999999999748,68.18645881308902,0.011486905848935695,True
damping_20,left_foot,0.013435756316758357,0.07686884488214352,0.004529266025132199,0.011340178965904165,1,-0.00047073397486780116,0.201119949180689,4.307999999999748,136.93161597609202,0.028204192746803424,True
damping_20,right_foot,0.013376405889028897,0.13044360947017442,0.004807876152118376,0.02693015616248067,1,-0.00019212384788162406,0.20552035902995971,4.307999999999748,76.59979029508634,0.012317557658117742,True
damping_20,left_foot,0.014203205537969122,0.07925775802809538,0.004546140131661498,0.01124966192398823,1,-0.00045385986833850183,0.19261711245350435,4.311999999999747,132.04330053167467,0.02920290393888693,True
damping_20,right_foot,0.014154585453244786,0.1332275783957955,0.004820685463615568,0.02706517882145751,1,-0.0001793145363844324,0.20648075698770227,4.311999999999747,73.33494332379804,0.01612015199514949,True
damping_20,left_foot,0.015022289283984759,0.08277029020840221,0.004560653532731725,0.011188293113595076,1,-0.00043934646726827547,0.21274179614215336,4.315999999999747,152.69992779555685,0.027283127195105908,True
damping_20,right_foot,0.01490409394101554,0.13513809550153744,0.004837384799043248,0.027143212819815715,1,-0.00016261520095675868,0.19377634056876675,4.315999999999747,52.3535801497361,0.014268667630153914,True
damping_20,left_foot,0.015884777249457506,0.08855995435210362,0.004577189321260645,0.011181882503339381,1,-0.0004228106787393547,0.22086281260602778,4.319999999999746,126.35766636490419,0.029005944020754394,True
damping_20,right_foot,0.015671887930010696,0.1371632883514876,0.004851870071464384,0.027218301801225298,1,-0.0001481299285356159,0.20304205388343888,4.319999999999746,75.25050182978173,0.014351801007929023,True
damping_20,left_foot,0.01673632434362778,0.09267626410477336,0.0045980281392964326,0.011128733695726915,1,-0.00040197186070356754,0.21435959137471802,4.323999999999746,122.44103090386334,0.030447202608215408,True
damping_20,right_foot,0.016462514084033767,0.1398815312796789,0.004864366933506753,0.027315438833320972,1,-0.0001356330664932402,0.20649763787792558,4.323999999999746,72.35165719846054,0.015289399778133154,True
damping_20,left_foot,0.01763629114069519,0.09811450397310936,0.004618880489106268,0.011112512581935331,1,-0.0003811195108937319,0.2326448362623987,4.327999999999745,134.39570859559444,0.03129608539625234,True
damping_20,right_foot,0.01729357826672685,0.14318138710568995,0.0048790216924839355,0.027427704174895946,1,-0.00012097830751605764,0.2177293663887458,4.327999999999745,59.82696625864046,0.01473962456674373,True
damping_20,left_foot,0.018552634927066044,0.10477931932921804,0.00464192397597437,0.011125382105680828,1,-0.00035807602402563015,0.23193071677850677,4.331999999999745,121.13934096117652,0.03334165595803144,True
damping_20,right_foot,0.018192981857314473,0.14709553730640326,0.004894281103370181,0.027557187374052217,1,-0.00010571889662981931,0.23627179956362002,4.331999999999745,66.56892795855356,0.016630271984733085,True
damping_20,left_foot,0.01947289325624402,0.11061718479052544,0.004492902171200512,0.011289921943523785,1,-0.00033329807524880555,0.23333818418024835,4.3359999999997445,122.4645263566598,0.2072508007755732,True
damping_20,right_foot,0.019112678840138786,0.15138794381817955,0.004910954925725387,0.027688961342353487,1,-8.904507427461277e-05,0.23576525980078933,4.3359999999997445,60.09543062391154,0.019689123267987062,True
damping_20,left_foot,0.02042017309181678,0.11777562432906762,0.004167453074214851,0.011746525306692939,2,-0.0003011920054738935,0.23289965150500236,4.339999999999744,192.16800674679087,0.19026224049875962,True
damping_20,right_foot,0.020012477055753222,0.1549121432178561,0.004930123513180951,0.027776779276747196,1,-6.987648681904945e-05,0.2280654416394006,4.339999999999744,52.87553189559509,0.02039286641499068,True
damping_20,left_foot,0.021247100652527787,0.12315120933768053,0.0040944367534996515,0.012134292254145584,2,-0.00029168177184056825,0.20199046551136918,4.343999999999744,143.42697835818672,0.16901216584464182,True
damping_20,right_foot,0.020919785568161146,0.1587302142372106,0.00495023791995524,0.027864187385801348,1,-4.976208004475995e-05,0.23243774163938294,4.343999999999744,55.82695045690007,0.02258501661082444,True
damping_20,left_foot,0.022023003148974443,0.129021805550919,0.004160073158063778,0.012564146094990673,2,-0.0001969245051321204,0.2037255819082639,4.347999999999743,163.55055434821043,0.16414038039163192,True
damping_20,right_foot,0.02184899506401738,0.16313867471481888,0.004974277758404845,0.027962551881170986,1,-2.5722241595162003e-05,0.23756079169630712,4.347999999999743,42.16585324932424,0.026165362455349773,True
damping_20,left_foot,0.022793243656675215,0.135830650101291,0.004315463604579066,0.013059643494491228,2,-6.21882424702595e-05,0.21086350968369358,4.351999999999743,142.63004897548453,0.08219117833324369,True
damping_20,right_foot,0.022738504511494333,0.1670764343746875,0.005002020645513555,0.02803293119159329,0,,0.22186208694052933,4.351999999999743,0.0,0.013605970481513328,True
damping_20,left_foot,0.02355131379503702,0.14176313544525782,0.00451711533415023,0.013504762446499532,0,,0.20773080719052484,4.355999999999742,0.0,0.15774061773092077,True
damping_20,right_foot,0.02364422982707155,0.17283214237139374,0.004663595132113264,0.028125170159415746,1,-0.0003364048678867358,0.23108753830062484,4.355999999999742,48.747050338188636,0.01912170631927264,True
damping_20,left_foot,0.024447113828113123,0.15126034737411514,0.004109010385035458,0.013879637782304905,1,-0.000890989614964542,0.23151720871918613,4.359999999999742,112.99349543010896,0.10346030261619973,True
damping_20,right_foot,0.024557037894314408,0.17832970619476637,0.00447631033810323,0.02822845216303038,1,-0.000523689661896763,0.2319037444947088,4.359999999999742,42.96596582467975,0.022444142054937975,True
damping_20,left_foot,0.025309072956614102,0.15968546469528339,0.0035894618887392093,0.014505989138948731,1,-0.0014105381112607908,0.2161489877636454,4.363999999999741,99.0615874690724,0.06725069621815513,True
damping_20,right_foot,0.025500419149439745,0.18402987009500096,0.004394359282002373,0.028352116903104654,1,-0.0006056407179976268,0.24079277143187008,4.363999999999741,42.80633323650445,0.024910670960838762,True
damping_20,left_foot,0.026119967244708775,0.16664557108636405,0.0033401105966934103,0.014929407959242098,1,-0.0016598894033065898,0.20337721252187316,4.367999999999741,94.48621216134751,0.04262390094361156,True
damping_20,right_foot,0.026480247370293995,0.19016876824657628,0.004383843632232161,0.02849724888489956,1,-0.0006161563677678393,0.24980675759256513,4.367999999999741,41.67507941307196,0.02852877622708729,True
damping_20,left_foot,0.026951142572629844,0.1746375141692273,0.0032684556128519462,0.015272460276046673,1,-0.0017315443871480539,0.21590789556412898,4.3719999999997405,89.23816619976127,0.026336853321264887,True
damping_20,right_foot,0.027436950480873596,0.19560795562045874,0.00442003572530917,0.028616880894496537,1,-0.0005799642746908305,0.23907175601094272,4.3719999999997405,41.67581801536088,0.028941330562499812,True
damping_20,left_foot,0.02777294184057586,0.18307704453255563,0.003312972686026573,0.015549640525199047,1,-0.001687027313973427,0.20978063321987367,4.37599999999974,73.32724794021357,0.017511822093809574,True
damping_20,right_foot,0.028423810665411657,0.20158114844062044,0.00448231260561021,0.028749295944315773,1,-0.0005176873943897901,0.25261297277216294,4.37599999999974,50.028317583282785,0.03044447011769151,True
damping_20,left_foot,0.02854748417466804,0.19094611595440014,0.0034292087725030784,0.01575077660610894,1,-0.0015707912274969217,0.19611094123759193,4.37999999999974,264.61786870331514,0.024098524965376494,True
damping_20,right_foot,0.029469004068506926,0.20847323007796276,0.004559392474676564,0.028904951465624672,1,-0.00044060752532343577,0.26755202324632604,4.37999999999974,248.8485186528414,0.022270546535520856,True
damping_20,left_foot,0.029151967360981416,0.19395304216507353,0.0035709132999548754,0.016018354641768515,1,-0.0014290867000451247,0.15549593071782286,4.383999999999739,225.49314469393065,0.024451474810704286,True
damping_20,right_foot,0.030481305868030675,0.21294176924277,0.00460755122721352,0.029253534202092736,1,-0.0003924487727864799,0.25917301597521275,4.383999999999739,219.37478074985899,0.02996550508315071,True
damping_20,left_foot,0.029574158335312937,0.19224706239927422,0.0037285757006671125,0.016406487237390712,1,-0.0012714242993328876,0.14434048428973908,4.387999999999739,175.702811418735,0.02142052925078569,True
damping_20,right_foot,0.03146492323738273,0.21450693046506727,0.00463127875488973,0.029820744173639484,1,-0.00036872124511027043,0.27237737784914146,4.387999999999739,203.32571444803312,0.039607416610745155,True
damping_20,left_foot,0.029825592661135304,0.1865140610028049,0.003901266350983937,0.016881629655710998,1,-0.0010987336490160633,0.14963609065787742,4.391999999999738,132.28339521990915,0.01884287579110234,True
damping_20,right_foot,0.03239786479076431,0.21355521187624368,0.004651200473927981,0.030557392907213973,1,-0.00034879952607201874,0.28041529948484833,4.391999999999738,176.24045021988448,0.04627760054406386,True
damping_20,left_foot,0.02992513727132325,0.17752473315103284,0.004085682921648834,0.01742065310628823,1,-0.0009143170783511663,0.1658903840588065,4.395999999999738,116.4227288654265,0.017239463098720053,True
damping_20,right_foot,0.03320194266896062,0.20993278540577764,0.004682024641393244,0.031387511274088106,1,-0.0003179753586067492,0.2714500966761671,4.395999999999738,145.5392992538566,0.048523152864944505,True
damping_20,left_foot,0.029896071802415547,0.1662040592160936,0.004277946329484389,0.018011270271790846,1,-0.0007220536705156112,0.1846672887170457,4.3999999999997375,103.39254493266819,0.01691426834601309,True
damping_20,right_foot,0.033839046517591835,0.2042855422769374,0.004729611454579966,0.032273657388610794,1,-0.0002703885454200415,0.262657393486855,4.3999999999997375,128.1774135042374,0.04839651194976229,True
damping_20,left_foot,0.029760160562988937,0.15340055769264865,0.004472620541985217,0.018651055369419106,1,-0.000527379458014776,0.20343558955806346,4.403999999999737,93.49232715485158,0.016893452108969777,True
damping_20,right_foot,0.03432636919750448,0.19784281104425624,0.0047945377572505415,0.033211196867256584,1,-0.00020546224274945162,0.26198529500857365,4.403999999999737,118.11962917365278,0.047545878594042454,True
damping_20,left_foot,0.029522711363003815,0.1399595380208999,0.004662360346802286,0.019335030144203406,1,-0.0003376396531977145,0.21994111059859892,4.407999999999737,88.46168430039367,0.016570425500490572,True
damping_20,right_foot,0.034683414568626676,0.1916276486809842,0.004875771514403847,0.034193326717370826,1,-0.00012422848559616017,0.2643497040134912,4.407999999999737,107.30802308602333,0.04605066507637891,True
damping_20,left_foot,0.029181529746600196,0.12677823892653123,0.004841149852110246,0.02005410435359702,1,-0.0001588501478897537,0.23468759860580785,4.411999999999736,85.55350018425743,0.015251670189964947,True
damping_20,right_foot,0.03492501222725577,0.18652812259555437,0.004971357257404205,0.03521091785353153,1,-2.8642742595802288e-05,0.2679470979910026,4.411999999999736,98.192316451984,0.0,False
damping_20,left_foot,0.028738831441941927,0.11487447168998073,0.005006512020278228,0.02079840210899197,0,,0.2480333277978235,4.415999999999736,0.0,0.013305531843306549,True
damping_20,right_foot,0.03508543052104507,0.18411692761979967,0.0049830844175566755,0.03625787287069997,1,-1.691558244333157e-05,0.25103907538655135,4.415999999999736,102.47551607927842,0.05119855032071325,True
